Workbook

Sheet Settings
A1: KVM Switch + ST-LINK - combined DigiKey order
A2: Prices: digikey.dk cut tape, fetched 2026-10-09 (listed excl. VAT, VAT added here). Quantities: KiCad BOM export of both schematics (DNP / test points excluded).
A4: Input | B4: Value | C4: Note
A5: KVM Switch boards to build | B5: 2 | C5: Drives the DigiKey Order sheet. Compare options on the Scenarios sheet.
A6: ST-LINK boards to build | B6: 2 | C6: Panel has 10 positions - populate as many as you like.
A7: VAT rate | B7: 0.25 | C7: Danish VAT. Ordering privately, so all totals are shown incl. VAT.
A8: Delivery charge | B8: 185 | C8: digikey.dk: 'A delivery charge of kr. 185 will be billed on all orders less than kr. 550.'
A9: Free delivery from | B9: 550 | C9: digikey.dk: 'Free delivery to Denmark on orders of kr. 550 or more.'
A10: DigiKey's 185 / 550 kr are | B10: excl. VAT | C10: DigiKey doesn't say. 'excl. VAT' is the safe assumption (= 687.50 kr incl. VAT); the checkout cart will confirm.
A12: Order summary (board counts above, incl. VAT)
A13: Parts incl. VAT | B13: ='DigiKey Order'!$R$25 -> 696.6
A14: Order value as DigiKey measures it | B14: =IF(Settings!$B$10="excl. VAT",B13/(1+Settings!$B$7),B13) -> 557.28 | C14: excl. or incl. VAT per B10 - this is what is compared with the 550 kr
A15: Delivery incl. VAT | B15: =IF(B14>=Settings!$B$9,0,Settings!$B$8*IF(Settings!$B$10="excl. VAT",1+Settings!$B$7,1)) -> 0
A16: TOTAL TO PAY incl. VAT | B16: =B13+B15 -> 696.6
A17: Missing to free delivery (incl. VAT) | B17: =MAX(0,Settings!$B$9-B14)*IF(Settings!$B$10="excl. VAT",1+Settings!$B$7,1) -> 0
A18: Advice | B18: =IF(B17=0,"Free delivery reached",IF(B17<B15,"Top up: add "&TEXT(B17,"0")&" kr of parts - cheaper than "&TEXT(B15,"0")&" kr delivery","Pay delivery - topping up would cost more than "&TEXT(B15,"0")&" kr")) -> Free delivery reached
A19: Lines with 0 / low stock | B19: =SUMPRODUCT(('DigiKey Order'!L4:L23="Y")*((LEFT('DigiKey Order'!I4:I23,1)="0")+('DigiKey Order'!I4:I23="14"))) -> 1 | C19: Check 'Stock @ fetch' on the DigiKey Order sheet
A22: How to use
A23: - Yellow cells with blue text are inputs - everything else is calculated.
A24: - Scenarios sheet: totals for every KVM / ST-LINK combination (board counts in its header are editable).
A25: - Pick a combination, enter it in B5/B6 - the DigiKey Order sheet then shows exactly what to put in the cart.
A26: - DigiKey Order: 'Owned' is subtracted from Needed, 'Order?' Y/N, 'Extra' adds spares (use it to top up to free delivery), 'Price override' replaces the looked-up price.
A27: - 'Next break' shows the qty at the next price break and the line cost there - sometimes buying more is cheaper.
A28: - AX Parts / Owned parts: what to pull from stock. Enter 'On hand' to see shortages.
A30: Design notes
A31: - Drop-in replacements chosen for parts out of stock at DigiKey on 2026-10-09 (schematic DigiKey fields still show the old PNs):
A32: - U14 TS3USB221AQRSERQ1 (296-27719-1-ND, 0 stock) -> TS3USB221ERSER (296-25222-1-ND): same RSE 10-UQFN, pinout, S/OE truth table, VCC 2.3-3.6V; ESD-enhanced, not automotive.
A33: - C25 100u: old PN was a 1210 part on a C_1206 footprint and 0 stock -> GRM31CR61A107MEA8L, 100u 10V X5R 1206 (fits the footprint). C25 is on VBUS (5V).
A34: - 5.1k 0603 RC0603FR-075K1L (0 stock) -> Stackpole RMCF0603FT5K10, same value/size/tolerance.
... A39: - ST-LINK J2: 732-5317-ND is a vertical THT header (61300411121), footprint is 'conn_01x04_P2.54_right_smd' - confirm.

Sheet Scenarios
A1: What does each build option cost? (DKK incl. VAT, delivery rules from Settings)
A2: Uses Order?, Extra and Price override from the DigiKey Order sheet; only the board counts change. Edit the yellow board counts to try other combinations.
A4: KVM boards | C4: 1 | D4: 1 | E4: 1 | F4: 1 | G4: 2 | H4: 2 | I4: 2 | J4: 2
A5: ST-LINK boards | C5: 2 | D5: 3 | E5: 4 | F5: 5 | G5: 2 | H5: 3 | I5: 4 | J5: 5
A6: DigiKey PN | B6: Description | C6: Line incl. VAT | D6: Line incl. VAT | E6: Line incl. VAT | F6: Line incl. VAT | G6: Line incl. VAT | H6: Line incl. VAT | I6: Line incl. VAT | J6: Line incl. VAT
A7: ='DigiKey Order'!A4 -> 490-GRM31CR61A107MEA8LCT-ND | B7: ='DigiKey Order'!D4 -> CAP CER 100UF 10V X5R 1206 | C7: =IF(OR('DigiKey Order'!$L$4<>"Y",(MAX(0,'DigiKey Order'!$F$4*C$4+'DigiKey Order'!$H$4*C$5-'DigiKey Order'!$K$4)+'DigiKey Order'!$M$4)<=0),0,(MAX(0,'DigiKey Order'!$F$4*C$4+'DigiKey Order'!$H$4*C$5-'DigiKey Order'!$K$4)+'DigiKey Order'!$M$4)*IF('DigiKey Order'!$P$4<>"",'DigiKey Order'!$P$4,LOOKUP((MAX(0,'DigiKey Order'!$F$4*C$4+'DigiKey Order'!$H$4*C$5-'DigiKey Order'!$K$4)+'DigiKey Order'!$M$4),'DigiKey Order'!$U$4:$AB$4,'DigiKey Order'!$AC$4:$AJ$4))*(1+Settings!$B$7)) -> 0 | D7: =IF(OR('DigiKey Order'!$L$4<>"Y",(MAX(0,'DigiKey Order'!$F$4*D$4+'DigiKey Order'!$H$4*D$5-'DigiKey Order'!$K$4)+'DigiKey Order'!$M$4)<=0),0,(MAX(0,'DigiKey Order'!$F$4*D$4+'DigiKey Order'!$H$4*D$5-'DigiKey Order'!$K$4)+'DigiKey Order'!$M$4)*IF('DigiKey Order'!$P$4<>"",'DigiKey Order'!$P$4,LOOKUP((MAX(0,'DigiKey Order'!$F$4*D$4+'DigiKey Order'!$H$4*D$5-'DigiKey Order'!$K$4)+'DigiKey Order'!$M$4),'DigiKey Order'!$U$4:$AB$4,'DigiKey Order'!$AC$4:$AJ$4))*(1+Settings!$B$7)) -> 0 | E7: =IF(OR('DigiKey Order'!$L$4<>"Y",(MAX(0,'DigiKey Order'!$F$4*E$4+'DigiKey Order'!$H$4*E$5-'DigiKey Order'!$K$4)+'DigiKey Order'!$M$4)<=0),0,(MAX(0,'DigiKey Order'!$F$4*E$4+'DigiKey Order'!$H$4*E$5-'DigiKey Order'!$K$4)+'DigiKey Order'!$M$4)*IF('DigiKey Order'!$P$4<>"",'DigiKey Order'!$P$4,LOOKUP((MAX(0,'DigiKey Order'!$F$4*E$4+'DigiKey Order'!$H$4*E$5-'DigiKey Order'!$K$4)+'DigiKey Order'!$M$4),'DigiKey Order'!$U$4:$AB$4,'DigiKey Order'!$AC$4:$AJ$4))*(1+Settings!$B$7)) -> 0 | F7: =IF(OR('DigiKey Order'!$L$4<>"Y",(MAX(0,'DigiKey Order'!$F$4*F$4+'DigiKey Order'!$H$4*F$5-'DigiKey Order'!$K$4)+'DigiKey Order'!$M$4)<=0),0,(MAX(0,'DigiKey Order'!$F$4*F$4+'DigiKey Order'!$H$4*F$5-'DigiKey Order'!$K$4)+'DigiKey Order'!$M$4)*IF('DigiKey Order'!$P$4<>"",'DigiKey Order'!$P$4,LOOKUP((MAX(0,'DigiKey Order'!$F$4*F$4+'DigiKey Order'!$H$4*F$5-'DigiKey Order'!$K$4)+'DigiKey Order'!$M$4),'DigiKey Order'!$U$4:$AB$4,'DigiKey Order'!$AC$4:$AJ$4))*(1+Settings!$B$7)) -> 0 | G7: =IF(OR('DigiKey Order'!$L$4<>"Y",(MAX(0,'DigiKey Order'!$F$4*G$4+'DigiKey Order'!$H$4*G$5-'DigiKey Order'!$K$4)+'DigiKey Order'!$M$4)<=0),0,(MAX(0,'DigiKey Order'!$F$4*G$4+'DigiKey Order'!$H$4*G$5-'DigiKey Order'!$K$4)+'DigiKey Order'!$M$4)*IF('DigiKey Order'!$P$4<>"",'DigiKey Order'!$P$4,LOOKUP((MAX(0,'DigiKey Order'!$F$4*G$4+'DigiKey Order'!$H$4*G$5-'DigiKey Order'!$K$4)+'DigiKey Order'!$M$4),'DigiKey Order'!$U$4:$AB$4,'DigiKey Order'!$AC$4:$AJ$4))*(1+Settings!$B$7)) -> 0 | H7: =IF(OR('DigiKey Order'!$L$4<>"Y",(MAX(0,'DigiKey Order'!$F$4*H$4+'DigiKey Order'!$H$4*H$5-'DigiKey Order'!$K$4)+'DigiKey Order'!$M$4)<=0),0,(MAX(0,'DigiKey Order'!$F$4*H$4+'DigiKey Order'!$H$4*H$5-'DigiKey Order'!$K$4)+'DigiKey Order'!$M$4)*IF('DigiKey Order'!$P$4<>"",'DigiKey Order'!$P$4,LOOKUP((MAX(0,'DigiKey Order'!$F$4*H$4+'DigiKey Order'!$H$4*H$5-'DigiKey Order'!$K$4)+'DigiKey Order'!$M$4),'DigiKey Order'!$U$4:$AB$4,'DigiKey Order'!$AC$4:$AJ$4))*(1+Settings!$B$7)) -> 0 | I7: =IF(OR('DigiKey Order'!$L$4<>"Y",(MAX(0,'DigiKey Order'!$F$4*I$4+'DigiKey Order'!$H$4*I$5-'DigiKey Order'!$K$4)+'DigiKey Order'!$M$4)<=0),0,(MAX(0,'DigiKey Order'!$F$4*I$4+'DigiKey Order'!$H$4*I$5-'DigiKey Order'!$K$4)+'DigiKey Order'!$M$4)*IF('DigiKey Order'!$P$4<>"",'DigiKey Order'!$P$4,LOOKUP((MAX(0,'DigiKey Order'!$F$4*I$4+'DigiKey Order'!$H$4*I$5-'DigiKey Order'!$K$4)+'DigiKey Order'!$M$4),'DigiKey Order'!$U$4:$AB$4,'DigiKey Order'!$AC$4:$AJ$4))*(1+Settings!$B$7)) -> 0 | J7: =IF(OR('DigiKey Order'!$L$4<>"Y",(MAX(0,'DigiKey Order'!$F$4*J$4+'DigiKey Order'!$H$4*J$5-'DigiKey Order'!$K$4)+'DigiKey Order'!$M$4)<=0),0,(MAX(0,'DigiKey Order'!$F$4*J$4+'DigiKey Order'!$H$4*J$5-'DigiKey Order'!$K$4)+'DigiKey Order'!$M$4)*IF('DigiKey Order'!$P$4<>"",'DigiKey Order'!$P$4,LOOKUP((MAX(0,'DigiKey Order'!$F$4*J$4+'DigiKey Order'!$H$4*J$5-'DigiKey Order'!$K$4)+'DigiKey Order'!$M$4),'DigiKey Order'!$U$4:$AB$4,'DigiKey Order'!$AC$4:$AJ$4))*(1+Settings!$B$7)) -> 0
A8: ='DigiKey Order'!A5 -> 490-5869-1-ND | B8: ='DigiKey Order'!D5 -> CAP CER 27PF 50V C0G 0402 | C8: =IF(OR('DigiKey Order'!$L$5<>"Y",(MAX(0,'DigiKey Order'!$F$5*C$4+'DigiKey Order'!$H$5*C$5-'DigiKey Order'!$K$5)+'DigiKey Order'!$M$5)<=0),0,(MAX(0,'DigiKey Order'!$F$5*C$4+'DigiKey Order'!$H$5*C$5-'DigiKey Order'!$K$5)+'DigiKey Order'!$M$5)*IF('DigiKey Order'!$P$5<>"",'DigiKey Order'!$P$5,LOOKUP((MAX(0,'DigiKey Order'!$F$5*C$4+'DigiKey Order'!$H$5*C$5-'DigiKey Order'!$K$5)+'DigiKey Order'!$M$5),'DigiKey Order'!$U$5:$AB$5,'DigiKey Order'!$AC$5:$AJ$5))*(1+Settings!$B$7)) -> 1.725 | D8: =IF(OR('DigiKey Order'!$L$5<>"Y",(MAX(0,'DigiKey Order'!$F$5*D$4+'DigiKey Order'!$H$5*D$5-'DigiKey Order'!$K$5)+'DigiKey Order'!$M$5)<=0),0,(MAX(0,'DigiKey Order'!$F$5*D$4+'DigiKey Order'!$H$5*D$5-'DigiKey Order'!$K$5)+'DigiKey Order'!$M$5)*IF('DigiKey Order'!$P$5<>"",'DigiKey Order'!$P$5,LOOKUP((MAX(0,'DigiKey Order'!$F$5*D$4+'DigiKey Order'!$H$5*D$5-'DigiKey Order'!$K$5)+'DigiKey Order'!$M$5),'DigiKey Order'!$U$5:$AB$5,'DigiKey Order'!$AC$5:$AJ$5))*(1+Settings!$B$7)) -> 2.07 | E8: =IF(OR('DigiKey Order'!$L$5<>"Y",(MAX(0,'DigiKey Order'!$F$5*E$4+'DigiKey Order'!$H$5*E$5-'DigiKey Order'!$K$5)+'DigiKey Order'!$M$5)<=0),0,(MAX(0,'DigiKey Order'!$F$5*E$4+'DigiKey Order'!$H$5*E$5-'DigiKey Order'!$K$5)+'DigiKey Order'!$M$5)*IF('DigiKey Order'!$P$5<>"",'DigiKey Order'!$P$5,LOOKUP((MAX(0,'DigiKey Order'!$F$5*E$4+'DigiKey Order'!$H$5*E$5-'DigiKey Order'!$K$5)+'DigiKey Order'!$M$5),'DigiKey Order'!$U$5:$AB$5,'DigiKey Order'!$AC$5:$AJ$5))*(1+Settings!$B$7)) -> 2.415 | F8: =IF(OR('DigiKey Order'!$L$5<>"Y",(MAX(0,'DigiKey Order'!$F$5*F$4+'DigiKey Order'!$H$5*F$5-'DigiKey Order'!$K$5)+'DigiKey Order'!$M$5)<=0),0,(MAX(0,'DigiKey Order'!$F$5*F$4+'DigiKey Order'!$H$5*F$5-'DigiKey Order'!$K$5)+'DigiKey Order'!$M$5)*IF('DigiKey Order'!$P$5<>"",'DigiKey Order'!$P$5,LOOKUP((MAX(0,'DigiKey Order'!$F$5*F$4+'DigiKey Order'!$H$5*F$5-'DigiKey Order'!$K$5)+'DigiKey Order'!$M$5),'DigiKey Order'!$U$5:$AB$5,'DigiKey Order'!$AC$5:$AJ$5))*(1+Settings!$B$7)) -> 2.76 | G8: =IF(OR('DigiKey Order'!$L$5<>"Y",(MAX(0,'DigiKey Order'!$F$5*G$4+'DigiKey Order'!$H$5*G$5-'DigiKey Order'!$K$5)+'DigiKey Order'!$M$5)<=0),0,(MAX(0,'DigiKey Order'!$F$5*G$4+'DigiKey Order'!$H$5*G$5-'DigiKey Order'!$K$5)+'DigiKey Order'!$M$5)*IF('DigiKey Order'!$P$5<>"",'DigiKey Order'!$P$5,LOOKUP((MAX(0,'DigiKey Order'!$F$5*G$4+'DigiKey Order'!$H$5*G$5-'DigiKey Order'!$K$5)+'DigiKey Order'!$M$5),'DigiKey Order'!$U$5:$AB$5,'DigiKey Order'!$AC$5:$AJ$5))*(1+Settings!$B$7)) -> 1.725 | H8: =IF(OR('DigiKey Order'!$L$5<>"Y",(MAX(0,'DigiKey Order'!$F$5*H$4+'DigiKey Order'!$H$5*H$5-'DigiKey Order'!$K$5)+'DigiKey Order'!$M$5)<=0),0,(MAX(0,'DigiKey Order'!$F$5*H$4+'DigiKey Order'!$H$5*H$5-'DigiKey Order'!$K$5)+'DigiKey Order'!$M$5)*IF('DigiKey Order'!$P$5<>"",'DigiKey Order'!$P$5,LOOKUP((MAX(0,'DigiKey Order'!$F$5*H$4+'DigiKey Order'!$H$5*H$5-'DigiKey Order'!$K$5)+'DigiKey Order'!$M$5),'DigiKey Order'!$U$5:$AB$5,'DigiKey Order'!$AC$5:$AJ$5))*(1+Settings!$B$7)) -> 2.07 | I8: =IF(OR('DigiKey Order'!$L$5<>"Y",(MAX(0,'DigiKey Order'!$F$5*I$4+'DigiKey Order'!$H$5*I$5-'DigiKey Order'!$K$5)+'DigiKey Order'!$M$5)<=0),0,(MAX(0,'DigiKey Order'!$F$5*I$4+'DigiKey Order'!$H$5*I$5-'DigiKey Order'!$K$5)+'DigiKey Order'!$M$5)*IF('DigiKey Order'!$P$5<>"",'DigiKey Order'!$P$5,LOOKUP((MAX(0,'DigiKey Order'!$F$5*I$4+'DigiKey Order'!$H$5*I$5-'DigiKey Order'!$K$5)+'DigiKey Order'!$M$5),'DigiKey Order'!$U$5:$AB$5,'DigiKey Order'!$AC$5:$AJ$5))*(1+Settings!$B$7)) -> 2.415 | J8: =IF(OR('DigiKey Order'!$L$5<>"Y",(MAX(0,'DigiKey Order'!$F$5*J$4+'DigiKey Order'!$H$5*J$5-'DigiKey Order'!$K$5)+'DigiKey Order'!$M$5)<=0),0,(MAX(0,'DigiKey Order'!$F$5*J$4+'DigiKey Order'!$H$5*J$5-'DigiKey Order'!$K$5)+'DigiKey Order'!$M$5)*IF('DigiKey Order'!$P$5<>"",'DigiKey Order'!$P$5,LOOKUP((MAX(0,'DigiKey Order'!$F$5*J$4+'DigiKey Order'!$H$5*J$5-'DigiKey Order'!$K$5)+'DigiKey Order'!$M$5),'DigiKey Order'!$U$5:$AB$5,'DigiKey Order'!$AC$5:$AJ$5))*(1+Settings!$B$7)) -> 2.76
A9: ='DigiKey Order'!A6 -> RMCF0603FT5K10CT-ND | B9: ='DigiKey Order'!D6 -> RES 5.1K OHM 1% 1/10W 0603 | C9: =IF(OR('DigiKey Order'!$L$6<>"Y",(MAX(0,'DigiKey Order'!$F$6*C$4+'DigiKey Order'!$H$6*C$5-'DigiKey Order'!$K$6)+'DigiKey Order'!$M$6)<=0),0,(MAX(0,'DigiKey Order'!$F$6*C$4+'DigiKey Order'!$H$6*C$5-'DigiKey Order'!$K$6)+'DigiKey Order'!$M$6)*IF('DigiKey Order'!$P$6<>"",'DigiKey Order'!$P$6,LOOKUP((MAX(0,'DigiKey Order'!$F$6*C$4+'DigiKey Order'!$H$6*C$5-'DigiKey Order'!$K$6)+'DigiKey Order'!$M$6),'DigiKey Order'!$U$6:$AB$6,'DigiKey Order'!$AC$6:$AJ$6))*(1+Settings!$B$7)) -> 0 | D9: =IF(OR('DigiKey Order'!$L$6<>"Y",(MAX(0,'DigiKey Order'!$F$6*D$4+'DigiKey Order'!$H$6*D$5-'DigiKey Order'!$K$6)+'DigiKey Order'!$M$6)<=0),0,(MAX(0,'DigiKey Order'!$F$6*D$4+'DigiKey Order'!$H$6*D$5-'DigiKey Order'!$K$6)+'DigiKey Order'!$M$6)*IF('DigiKey Order'!$P$6<>"",'DigiKey Order'!$P$6,LOOKUP((MAX(0,'DigiKey Order'!$F$6*D$4+'DigiKey Order'!$H$6*D$5-'DigiKey Order'!$K$6)+'DigiKey Order'!$M$6),'DigiKey Order'!$U$6:$AB$6,'DigiKey Order'!$AC$6:$AJ$6))*(1+Settings!$B$7)) -> 0 | E9: =IF(OR('DigiKey Order'!$L$6<>"Y",(MAX(0,'DigiKey Order'!$F$6*E$4+'DigiKey Order'!$H$6*E$5-'DigiKey Order'!$K$6)+'DigiKey Order'!$M$6)<=0),0,(MAX(0,'DigiKey Order'!$F$6*E$4+'DigiKey Order'!$H$6*E$5-'DigiKey Order'!$K$6)+'DigiKey Order'!$M$6)*IF('DigiKey Order'!$P$6<>"",'DigiKey Order'!$P$6,LOOKUP((MAX(0,'DigiKey Order'!$F$6*E$4+'DigiKey Order'!$H$6*E$5-'DigiKey Order'!$K$6)+'DigiKey Order'!$M$6),'DigiKey Order'!$U$6:$AB$6,'DigiKey Order'!$AC$6:$AJ$6))*(1+Settings!$B$7)) -> 0 | F9: =IF(OR('DigiKey Order'!$L$6<>"Y",(MAX(0,'DigiKey Order'!$F$6*F$4+'DigiKey Order'!$H$6*F$5-'DigiKey Order'!$K$6)+'DigiKey Order'!$M$6)<=0),0,(MAX(0,'DigiKey Order'!$F$6*F$4+'DigiKey Order'!$H$6*F$5-'DigiKey Order'!$K$6)+'DigiKey Order'!$M$6)*IF('DigiKey Order'!$P$6<>"",'DigiKey Order'!$P$6,LOOKUP((MAX(0,'DigiKey Order'!$F$6*F$4+'DigiKey Order'!$H$6*F$5-'DigiKey Order'!$K$6)+'DigiKey Order'!$M$6),'DigiKey Order'!$U$6:$AB$6,'DigiKey Order'!$AC$6:$AJ$6))*(1+Settings!$B$7)) -> 0 | G9: =IF(OR('DigiKey Order'!$L$6<>"Y",(MAX(0,'DigiKey Order'!$F$6*G$4+'DigiKey Order'!$H$6*G$5-'DigiKey Order'!$K$6)+'DigiKey Order'!$M$6)<=0),0,(MAX(0,'DigiKey Order'!$F$6*G$4+'DigiKey Order'!$H$6*G$5-'DigiKey Order'!$K$6)+'DigiKey Order'!$M$6)*IF('DigiKey Order'!$P$6<>"",'DigiKey Order'!$P$6,LOOKUP((MAX(0,'DigiKey Order'!$F$6*G$4+'DigiKey Order'!$H$6*G$5-'DigiKey Order'!$K$6)+'DigiKey Order'!$M$6),'DigiKey Order'!$U$6:$AB$6,'DigiKey Order'!$AC$6:$AJ$6))*(1+Settings!$B$7)) -> 0 | H9: =IF(OR('DigiKey Order'!$L$6<>"Y",(MAX(0,'DigiKey Order'!$F$6*H$4+'DigiKey Order'!$H$6*H$5-'DigiKey Order'!$K$6)+'DigiKey Order'!$M$6)<=0),0,(MAX(0,'DigiKey Order'!$F$6*H$4+'DigiKey Order'!$H$6*H$5-'DigiKey Order'!$K$6)+'DigiKey Order'!$M$6)*IF('DigiKey Order'!$P$6<>"",'DigiKey Order'!$P$6,LOOKUP((MAX(0,'DigiKey Order'!$F$6*H$4+'DigiKey Order'!$H$6*H$5-'DigiKey Order'!$K$6)+'DigiKey Order'!$M$6),'DigiKey Order'!$U$6:$AB$6,'DigiKey Order'!$AC$6:$AJ$6))*(1+Settings!$B$7)) -> 0 | I9: =IF(OR('DigiKey Order'!$L$6<>"Y",(MAX(0,'DigiKey Order'!$F$6*I$4+'DigiKey Order'!$H$6*I$5-'DigiKey Order'!$K$6)+'DigiKey Order'!$M$6)<=0),0,(MAX(0,'DigiKey Order'!$F$6*I$4+'DigiKey Order'!$H$6*I$5-'DigiKey Order'!$K$6)+'DigiKey Order'!$M$6)*IF('DigiKey Order'!$P$6<>"",'DigiKey Order'!$P$6,LOOKUP((MAX(0,'DigiKey Order'!$F$6*I$4+'DigiKey Order'!$H$6*I$5-'DigiKey Order'!$K$6)+'DigiKey Order'!$M$6),'DigiKey Order'!$U$6:$AB$6,'DigiKey Order'!$AC$6:$AJ$6))*(1+Settings!$B$7)) -> 0 | J9: =IF(OR('DigiKey Order'!$L$6<>"Y",(MAX(0,'DigiKey Order'!$F$6*J$4+'DigiKey Order'!$H$6*J$5-'DigiKey Order'!$K$6)+'DigiKey Order'!$M$6)<=0),0,(MAX(0,'DigiKey Order'!$F$6*J$4+'DigiKey Order'!$H$6*J$5-'DigiKey Order'!$K$6)+'DigiKey Order'!$M$6)*IF('DigiKey Order'!$P$6<>"",'DigiKey Order'!$P$6,LOOKUP((MAX(0,'DigiKey Order'!$F$6*J$4+'DigiKey Order'!$H$6*J$5-'DigiKey Order'!$K$6)+'DigiKey Order'!$M$6),'DigiKey Order'!$U$6:$AB$6,'DigiKey Order'!$AC$6:$AJ$6))*(1+Settings!$B$7)) -> 0
A10: ='DigiKey Order'!A7 -> 475-LGQ976.01-MGNI-35-1CT-ND | B10: ='DigiKey Order'!D7 -> LED GREEN CLEAR 0603 SMD | C10: =IF(OR('DigiKey Order'!$L$7<>"Y",(MAX(0,'DigiKey Order'!$F$7*C$4+'DigiKey Order'!$H$7*C$5-'DigiKey Order'!$K$7)+'DigiKey Order'!$M$7)<=0),0,(MAX(0,'DigiKey Order'!$F$7*C$4+'DigiKey Order'!$H$7*C$5-'DigiKey Order'!$K$7)+'DigiKey Order'!$M$7)*IF('DigiKey Order'!$P$7<>"",'DigiKey Order'!$P$7,LOOKUP((MAX(0,'DigiKey Order'!$F$7*C$4+'DigiKey Order'!$H$7*C$5-'DigiKey Order'!$K$7)+'DigiKey Order'!$M$7),'DigiKey Order'!$U$7:$AB$7,'DigiKey Order'!$AC$7:$AJ$7))*(1+Settings!$B$7)) -> 0 | D10: =IF(OR('DigiKey Order'!$L$7<>"Y",(MAX(0,'DigiKey Order'!$F$7*D$4+'DigiKey Order'!$H$7*D$5-'DigiKey Order'!$K$7)+'DigiKey Order'!$M$7)<=0),0,(MAX(0,'DigiKey Order'!$F$7*D$4+'DigiKey Order'!$H$7*D$5-'DigiKey Order'!$K$7)+'DigiKey Order'!$M$7)*IF('DigiKey Order'!$P$7<>"",'DigiKey Order'!$P$7,LOOKUP((MAX(0,'DigiKey Order'!$F$7*D$4+'DigiKey Order'!$H$7*D$5-'DigiKey Order'!$K$7)+'DigiKey Order'!$M$7),'DigiKey Order'!$U$7:$AB$7,'DigiKey Order'!$AC$7:$AJ$7))*(1+Settings!$B$7)) -> 0 | E10: =IF(OR('DigiKey Order'!$L$7<>"Y",(MAX(0,'DigiKey Order'!$F$7*E$4+'DigiKey Order'!$H$7*E$5-'DigiKey Order'!$K$7)+'DigiKey Order'!$M$7)<=0),0,(MAX(0,'DigiKey Order'!$F$7*E$4+'DigiKey Order'!$H$7*E$5-'DigiKey Order'!$K$7)+'DigiKey Order'!$M$7)*IF('DigiKey Order'!$P$7<>"",'DigiKey Order'!$P$7,LOOKUP((MAX(0,'DigiKey Order'!$F$7*E$4+'DigiKey Order'!$H$7*E$5-'DigiKey Order'!$K$7)+'DigiKey Order'!$M$7),'DigiKey Order'!$U$7:$AB$7,'DigiKey Order'!$AC$7:$AJ$7))*(1+Settings!$B$7)) -> 0 | F10: =IF(OR('DigiKey Order'!$L$7<>"Y",(MAX(0,'DigiKey Order'!$F$7*F$4+'DigiKey Order'!$H$7*F$5-'DigiKey Order'!$K$7)+'DigiKey Order'!$M$7)<=0),0,(MAX(0,'DigiKey Order'!$F$7*F$4+'DigiKey Order'!$H$7*F$5-'DigiKey Order'!$K$7)+'DigiKey Order'!$M$7)*IF('DigiKey Order'!$P$7<>"",'DigiKey Order'!$P$7,LOOKUP((MAX(0,'DigiKey Order'!$F$7*F$4+'DigiKey Order'!$H$7*F$5-'DigiKey Order'!$K$7)+'DigiKey Order'!$M$7),'DigiKey Order'!$U$7:$AB$7,'DigiKey Order'!$AC$7:$AJ$7))*(1+Settings!$B$7)) -> 0 | G10: =IF(OR('DigiKey Order'!$L$7<>"Y",(MAX(0,'DigiKey Order'!$F$7*G$4+'DigiKey Order'!$H$7*G$5-'DigiKey Order'!$K$7)+'DigiKey Order'!$M$7)<=0),0,(MAX(0,'DigiKey Order'!$F$7*G$4+'DigiKey Order'!$H$7*G$5-'DigiKey Order'!$K$7)+'DigiKey Order'!$M$7)*IF('DigiKey Order'!$P$7<>"",'DigiKey Order'!$P$7,LOOKUP((MAX(0,'DigiKey Order'!$F$7*G$4+'DigiKey Order'!$H$7*G$5-'DigiKey Order'!$K$7)+'DigiKey Order'!$M$7),'DigiKey Order'!$U$7:$AB$7,'DigiKey Order'!$AC$7:$AJ$7))*(1+Settings!$B$7)) -> 0 | H10: =IF(OR('DigiKey Order'!$L$7<>"Y",(MAX(0,'DigiKey Order'!$F$7*H$4+'DigiKey Order'!$H$7*H$5-'DigiKey Order'!$K$7)+'DigiKey Order'!$M$7)<=0),0,(MAX(0,'DigiKey Order'!$F$7*H$4+'DigiKey Order'!$H$7*H$5-'DigiKey Order'!$K$7)+'DigiKey Order'!$M$7)*IF('DigiKey Order'!$P$7<>"",'DigiKey Order'!$P$7,LOOKUP((MAX(0,'DigiKey Order'!$F$7*H$4+'DigiKey Order'!$H$7*H$5-'DigiKey Order'!$K$7)+'DigiKey Order'!$M$7),'DigiKey Order'!$U$7:$AB$7,'DigiKey Order'!$AC$7:$AJ$7))*(1+Settings!$B$7)) -> 0 | I10: =IF(OR('DigiKey Order'!$L$7<>"Y",(MAX(0,'DigiKey Order'!$F$7*I$4+'DigiKey Order'!$H$7*I$5-'DigiKey Order'!$K$7)+'DigiKey Order'!$M$7)<=0),0,(MAX(0,'DigiKey Order'!$F$7*I$4+'DigiKey Order'!$H$7*I$5-'DigiKey Order'!$K$7)+'DigiKey Order'!$M$7)*IF('DigiKey Order'!$P$7<>"",'DigiKey Order'!$P$7,LOOKUP((MAX(0,'DigiKey Order'!$F$7*I$4+'DigiKey Order'!$H$7*I$5-'DigiKey Order'!$K$7)+'DigiKey Order'!$M$7),'DigiKey Order'!$U$7:$AB$7,'DigiKey Order'!$AC$7:$AJ$7))*(1+Settings!$B$7)) -> 0 | J10: =IF(OR('DigiKey Order'!$L$7<>"Y",(MAX(0,'DigiKey Order'!$F$7*J$4+'DigiKey Order'!$H$7*J$5-'DigiKey Order'!$K$7)+'DigiKey Order'!$M$7)<=0),0,(MAX(0,'DigiKey Order'!$F$7*J$4+'DigiKey Order'!$H$7*J$5-'DigiKey Order'!$K$7)+'DigiKey Order'!$M$7)*IF('DigiKey Order'!$P$7<>"",'DigiKey Order'!$P$7,LOOKUP((MAX(0,'DigiKey Order'!$F$7*J$4+'DigiKey Order'!$H$7*J$5-'DigiKey Order'!$K$7)+'DigiKey Order'!$M$7),'DigiKey Order'!$U$7:$AB$7,'DigiKey Order'!$AC$7:$AJ$7))*(1+Settings!$B$7)) -> 0
A11: ='DigiKey Order'!A8 -> 475-LOQ976.01-P2R2-25-1-20-R18CT-ND | B11: ='DigiKey Order'!D8 -> LED ORANGE CLEAR 0603 SMD | C11: =IF(OR('DigiKey Order'!$L$8<>"Y",(MAX(0,'DigiKey Order'!$F$8*C$4+'DigiKey Order'!$H$8*C$5-'DigiKey Order'!$K$8)+'DigiKey Order'!$M$8)<=0),0,(MAX(0,'DigiKey Order'!$F$8*C$4+'DigiKey Order'!$H$8*C$5-'DigiKey Order'!$K$8)+'DigiKey Order'!$M$8)*IF('DigiKey Order'!$P$8<>"",'DigiKey Order'!$P$8,LOOKUP((MAX(0,'DigiKey Order'!$F$8*C$4+'DigiKey Order'!$H$8*C$5-'DigiKey Order'!$K$8)+'DigiKey Order'!$M$8),'DigiKey Order'!$U$8:$AB$8,'DigiKey Order'!$AC$8:$AJ$8))*(1+Settings!$B$7)) -> 0 | D11: =IF(OR('DigiKey Order'!$L$8<>"Y",(MAX(0,'DigiKey Order'!$F$8*D$4+'DigiKey Order'!$H$8*D$5-'DigiKey Order'!$K$8)+'DigiKey Order'!$M$8)<=0),0,(MAX(0,'DigiKey Order'!$F$8*D$4+'DigiKey Order'!$H$8*D$5-'DigiKey Order'!$K$8)+'DigiKey Order'!$M$8)*IF('DigiKey Order'!$P$8<>"",'DigiKey Order'!$P$8,LOOKUP((MAX(0,'DigiKey Order'!$F$8*D$4+'DigiKey Order'!$H$8*D$5-'DigiKey Order'!$K$8)+'DigiKey Order'!$M$8),'DigiKey Order'!$U$8:$AB$8,'DigiKey Order'!$AC$8:$AJ$8))*(1+Settings!$B$7)) -> 0 | E11: =IF(OR('DigiKey Order'!$L$8<>"Y",(MAX(0,'DigiKey Order'!$F$8*E$4+'DigiKey Order'!$H$8*E$5-'DigiKey Order'!$K$8)+'DigiKey Order'!$M$8)<=0),0,(MAX(0,'DigiKey Order'!$F$8*E$4+'DigiKey Order'!$H$8*E$5-'DigiKey Order'!$K$8)+'DigiKey Order'!$M$8)*IF('DigiKey Order'!$P$8<>"",'DigiKey Order'!$P$8,LOOKUP((MAX(0,'DigiKey Order'!$F$8*E$4+'DigiKey Order'!$H$8*E$5-'DigiKey Order'!$K$8)+'DigiKey Order'!$M$8),'DigiKey Order'!$U$8:$AB$8,'DigiKey Order'!$AC$8:$AJ$8))*(1+Settings!$B$7)) -> 0 | F11: =IF(OR('DigiKey Order'!$L$8<>"Y",(MAX(0,'DigiKey Order'!$F$8*F$4+'DigiKey Order'!$H$8*F$5-'DigiKey Order'!$K$8)+'DigiKey Order'!$M$8)<=0),0,(MAX(0,'DigiKey Order'!$F$8*F$4+'DigiKey Order'!$H$8*F$5-'DigiKey Order'!$K$8)+'DigiKey Order'!$M$8)*IF('DigiKey Order'!$P$8<>"",'DigiKey Order'!$P$8,LOOKUP((MAX(0,'DigiKey Order'!$F$8*F$4+'DigiKey Order'!$H$8*F$5-'DigiKey Order'!$K$8)+'DigiKey Order'!$M$8),'DigiKey Order'!$U$8:$AB$8,'DigiKey Order'!$AC$8:$AJ$8))*(1+Settings!$B$7)) -> 0 | G11: =IF(OR('DigiKey Order'!$L$8<>"Y",(MAX(0,'DigiKey Order'!$F$8*G$4+'DigiKey Order'!$H$8*G$5-'DigiKey Order'!$K$8)+'DigiKey Order'!$M$8)<=0),0,(MAX(0,'DigiKey Order'!$F$8*G$4+'DigiKey Order'!$H$8*G$5-'DigiKey Order'!$K$8)+'DigiKey Order'!$M$8)*IF('DigiKey Order'!$P$8<>"",'DigiKey Order'!$P$8,LOOKUP((MAX(0,'DigiKey Order'!$F$8*G$4+'DigiKey Order'!$H$8*G$5-'DigiKey Order'!$K$8)+'DigiKey Order'!$M$8),'DigiKey Order'!$U$8:$AB$8,'DigiKey Order'!$AC$8:$AJ$8))*(1+Settings!$B$7)) -> 0 | H11: =IF(OR('DigiKey Order'!$L$8<>"Y",(MAX(0,'DigiKey Order'!$F$8*H$4+'DigiKey Order'!$H$8*H$5-'DigiKey Order'!$K$8)+'DigiKey Order'!$M$8)<=0),0,(MAX(0,'DigiKey Order'!$F$8*H$4+'DigiKey Order'!$H$8*H$5-'DigiKey Order'!$K$8)+'DigiKey Order'!$M$8)*IF('DigiKey Order'!$P$8<>"",'DigiKey Order'!$P$8,LOOKUP((MAX(0,'DigiKey Order'!$F$8*H$4+'DigiKey Order'!$H$8*H$5-'DigiKey Order'!$K$8)+'DigiKey Order'!$M$8),'DigiKey Order'!$U$8:$AB$8,'DigiKey Order'!$AC$8:$AJ$8))*(1+Settings!$B$7)) -> 0 | I11: =IF(OR('DigiKey Order'!$L$8<>"Y",(MAX(0,'DigiKey Order'!$F$8*I$4+'DigiKey Order'!$H$8*I$5-'DigiKey Order'!$K$8)+'DigiKey Order'!$M$8)<=0),0,(MAX(0,'DigiKey Order'!$F$8*I$4+'DigiKey Order'!$H$8*I$5-'DigiKey Order'!$K$8)+'DigiKey Order'!$M$8)*IF('DigiKey Order'!$P$8<>"",'DigiKey Order'!$P$8,LOOKUP((MAX(0,'DigiKey Order'!$F$8*I$4+'DigiKey Order'!$H$8*I$5-'DigiKey Order'!$K$8)+'DigiKey Order'!$M$8),'DigiKey Order'!$U$8:$AB$8,'DigiKey Order'!$AC$8:$AJ$8))*(1+Settings!$B$7)) -> 0 | J11: =IF(OR('DigiKey Order'!$L$8<>"Y",(MAX(0,'DigiKey Order'!$F$8*J$4+'DigiKey Order'!$H$8*J$5-'DigiKey Order'!$K$8)+'DigiKey Order'!$M$8)<=0),0,(MAX(0,'DigiKey Order'!$F$8*J$4+'DigiKey Order'!$H$8*J$5-'DigiKey Order'!$K$8)+'DigiKey Order'!$M$8)*IF('DigiKey Order'!$P$8<>"",'DigiKey Order'!$P$8,LOOKUP((MAX(0,'DigiKey Order'!$F$8*J$4+'DigiKey Order'!$H$8*J$5-'DigiKey Order'!$K$8)+'DigiKey Order'!$M$8),'DigiKey Order'!$U$8:$AB$8,'DigiKey Order'!$AC$8:$AJ$8))*(1+Settings!$B$7)) -> 0
A12: ='DigiKey Order'!A9 -> 900-2086581001CT-ND | B12: ='DigiKey Order'!D9 -> CONN RCPT HDMI V2.1 19POS SMD RA | C12: =IF(OR('DigiKey Order'!$L$9<>"Y",(MAX(0,'DigiKey Order'!$F$9*C$4+'DigiKey Order'!$H$9*C$5-'DigiKey Order'!$K$9)+'DigiKey Order'!$M$9)<=0),0,(MAX(0,'DigiKey Order'!$F$9*C$4+'DigiKey Order'!$H$9*C$5-'DigiKey Order'!$K$9)+'DigiKey Order'!$M$9)*IF('DigiKey Order'!$P$9<>"",'DigiKey Order'!$P$9,LOOKUP((MAX(0,'DigiKey Order'!$F$9*C$4+'DigiKey Order'!$H$9*C$5-'DigiKey Order'!$K$9)+'DigiKey Order'!$M$9),'DigiKey Order'!$U$9:$AB$9,'DigiKey Order'!$AC$9:$AJ$9))*(1+Settings!$B$7)) -> 70.9875 | D12: =IF(OR('DigiKey Order'!$L$9<>"Y",(MAX(0,'DigiKey Order'!$F$9*D$4+'DigiKey Order'!$H$9*D$5-'DigiKey Order'!$K$9)+'DigiKey Order'!$M$9)<=0),0,(MAX(0,'DigiKey Order'!$F$9*D$4+'DigiKey Order'!$H$9*D$5-'DigiKey Order'!$K$9)+'DigiKey Order'!$M$9)*IF('DigiKey Order'!$P$9<>"",'DigiKey Order'!$P$9,LOOKUP((MAX(0,'DigiKey Order'!$F$9*D$4+'DigiKey Order'!$H$9*D$5-'DigiKey Order'!$K$9)+'DigiKey Order'!$M$9),'DigiKey Order'!$U$9:$AB$9,'DigiKey Order'!$AC$9:$AJ$9))*(1+Settings!$B$7)) -> 70.9875 | E12: =IF(OR('DigiKey Order'!$L$9<>"Y",(MAX(0,'DigiKey Order'!$F$9*E$4+'DigiKey Order'!$H$9*E$5-'DigiKey Order'!$K$9)+'DigiKey Order'!$M$9)<=0),0,(MAX(0,'DigiKey Order'!$F$9*E$4+'DigiKey Order'!$H$9*E$5-'DigiKey Order'!$K$9)+'DigiKey Order'!$M$9)*IF('DigiKey Order'!$P$9<>"",'DigiKey Order'!$P$9,LOOKUP((MAX(0,'DigiKey Order'!$F$9*E$4+'DigiKey Order'!$H$9*E$5-'DigiKey Order'!$K$9)+'DigiKey Order'!$M$9),'DigiKey Order'!$U$9:$AB$9,'DigiKey Order'!$AC$9:$AJ$9))*(1+Settings!$B$7)) -> 70.9875 | F12: =IF(OR('DigiKey Order'!$L$9<>"Y",(MAX(0,'DigiKey Order'!$F$9*F$4+'DigiKey Order'!$H$9*F$5-'DigiKey Order'!$K$9)+'DigiKey Order'!$M$9)<=0),0,(MAX(0,'DigiKey Order'!$F$9*F$4+'DigiKey Order'!$H$9*F$5-'DigiKey Order'!$K$9)+'DigiKey Order'!$M$9)*IF('DigiKey Order'!$P$9<>"",'DigiKey Order'!$P$9,LOOKUP((MAX(0,'DigiKey Order'!$F$9*F$4+'DigiKey Order'!$H$9*F$5-'DigiKey Order'!$K$9)+'DigiKey Order'!$M$9),'DigiKey Order'!$U$9:$AB$9,'DigiKey Order'!$AC$9:$AJ$9))*(1+Settings!$B$7)) -> 70.9875 | G12: =IF(OR('DigiKey Order'!$L$9<>"Y",(MAX(0,'DigiKey Order'!$F$9*G$4+'DigiKey Order'!$H$9*G$5-'DigiKey Order'!$K$9)+'DigiKey Order'!$M$9)<=0),0,(MAX(0,'DigiKey Order'!$F$9*G$4+'DigiKey Order'!$H$9*G$5-'DigiKey Order'!$K$9)+'DigiKey Order'!$M$9)*IF('DigiKey Order'!$P$9<>"",'DigiKey Order'!$P$9,LOOKUP((MAX(0,'DigiKey Order'!$F$9*G$4+'DigiKey Order'!$H$9*G$5-'DigiKey Order'!$K$9)+'DigiKey Order'!$M$9),'DigiKey Order'!$U$9:$AB$9,'DigiKey Order'!$AC$9:$AJ$9))*(1+Settings!$B$7)) -> 141.975 | H12: =IF(OR('DigiKey Order'!$L$9<>"Y",(MAX(0,'DigiKey Order'!$F$9*H$4+'DigiKey Order'!$H$9*H$5-'DigiKey Order'!$K$9)+'DigiKey Order'!$M$9)<=0),0,(MAX(0,'DigiKey Order'!$F$9*H$4+'DigiKey Order'!$H$9*H$5-'DigiKey Order'!$K$9)+'DigiKey Order'!$M$9)*IF('DigiKey Order'!$P$9<>"",'DigiKey Order'!$P$9,LOOKUP((MAX(0,'DigiKey Order'!$F$9*H$4+'DigiKey Order'!$H$9*H$5-'DigiKey Order'!$K$9)+'DigiKey Order'!$M$9),'DigiKey Order'!$U$9:$AB$9,'DigiKey Order'!$AC$9:$AJ$9))*(1+Settings!$B$7)) -> 141.975 | I12: =IF(OR('DigiKey Order'!$L$9<>"Y",(MAX(0,'DigiKey Order'!$F$9*I$4+'DigiKey Order'!$H$9*I$5-'DigiKey Order'!$K$9)+'DigiKey Order'!$M$9)<=0),0,(MAX(0,'DigiKey Order'!$F$9*I$4+'DigiKey Order'!$H$9*I$5-'DigiKey Order'!$K$9)+'DigiKey Order'!$M$9)*IF('DigiKey Order'!$P$9<>"",'DigiKey Order'!$P$9,LOOKUP((MAX(0,'DigiKey Order'!$F$9*I$4+'DigiKey Order'!$H$9*I$5-'DigiKey Order'!$K$9)+'DigiKey Order'!$M$9),'DigiKey Order'!$U$9:$AB$9,'DigiKey Order'!$AC$9:$AJ$9))*(1+Settings!$B$7)) -> 141.975 | J12: =IF(OR('DigiKey Order'!$L$9<>"Y",(MAX(0,'DigiKey Order'!$F$9*J$4+'DigiKey Order'!$H$9*J$5-'DigiKey Order'!$K$9)+'DigiKey Order'!$M$9)<=0),0,(MAX(0,'DigiKey Order'!$F$9*J$4+'DigiKey Order'!$H$9*J$5-'DigiKey Order'!$K$9)+'DigiKey Order'!$M$9)*IF('DigiKey Order'!$P$9<>"",'DigiKey Order'!$P$9,LOOKUP((MAX(0,'DigiKey Order'!$F$9*J$4+'DigiKey Order'!$H$9*J$5-'DigiKey Order'!$K$9)+'DigiKey Order'!$M$9),'DigiKey Order'!$U$9:$AB$9,'DigiKey Order'!$AC$9:$AJ$9))*(1+Settings!$B$7)) -> 141.975
A13: ='DigiKey Order'!A10 -> 2073-USB4105-GF-ACT-ND | B13: ='DigiKey Order'!D10 -> CONN RCP USB2.0 TYPE-C 16P SMD RA | C13: =IF(OR('DigiKey Order'!$L$10<>"Y",(MAX(0,'DigiKey Order'!$F$10*C$4+'DigiKey Order'!$H$10*C$5-'DigiKey Order'!$K$10)+'DigiKey Order'!$M$10)<=0),0,(MAX(0,'DigiKey Order'!$F$10*C$4+'DigiKey Order'!$H$10*C$5-'DigiKey Order'!$K$10)+'DigiKey Order'!$M$10)*IF('DigiKey Order'!$P$10<>"",'DigiKey Order'!$P$10,LOOKUP((MAX(0,'DigiKey Order'!$F$10*C$4+'DigiKey Order'!$H$10*C$5-'DigiKey Order'!$K$10)+'DigiKey Order'!$M$10),'DigiKey Order'!$U$10:$AB$10,'DigiKey Order'!$AC$10:$AJ$10))*(1+Settings!$B$7)) -> 13.1 | D13: =IF(OR('DigiKey Order'!$L$10<>"Y",(MAX(0,'DigiKey Order'!$F$10*D$4+'DigiKey Order'!$H$10*D$5-'DigiKey Order'!$K$10)+'DigiKey Order'!$M$10)<=0),0,(MAX(0,'DigiKey Order'!$F$10*D$4+'DigiKey Order'!$H$10*D$5-'DigiKey Order'!$K$10)+'DigiKey Order'!$M$10)*IF('DigiKey Order'!$P$10<>"",'DigiKey Order'!$P$10,LOOKUP((MAX(0,'DigiKey Order'!$F$10*D$4+'DigiKey Order'!$H$10*D$5-'DigiKey Order'!$K$10)+'DigiKey Order'!$M$10),'DigiKey Order'!$U$10:$AB$10,'DigiKey Order'!$AC$10:$AJ$10))*(1+Settings!$B$7)) -> 13.1 | E13: =IF(OR('DigiKey Order'!$L$10<>"Y",(MAX(0,'DigiKey Order'!$F$10*E$4+'DigiKey Order'!$H$10*E$5-'DigiKey Order'!$K$10)+'DigiKey Order'!$M$10)<=0),0,(MAX(0,'DigiKey Order'!$F$10*E$4+'DigiKey Order'!$H$10*E$5-'DigiKey Order'!$K$10)+'DigiKey Order'!$M$10)*IF('DigiKey Order'!$P$10<>"",'DigiKey Order'!$P$10,LOOKUP((MAX(0,'DigiKey Order'!$F$10*E$4+'DigiKey Order'!$H$10*E$5-'DigiKey Order'!$K$10)+'DigiKey Order'!$M$10),'DigiKey Order'!$U$10:$AB$10,'DigiKey Order'!$AC$10:$AJ$10))*(1+Settings!$B$7)) -> 13.1 | F13: =IF(OR('DigiKey Order'!$L$10<>"Y",(MAX(0,'DigiKey Order'!$F$10*F$4+'DigiKey Order'!$H$10*F$5-'DigiKey Order'!$K$10)+'DigiKey Order'!$M$10)<=0),0,(MAX(0,'DigiKey Order'!$F$10*F$4+'DigiKey Order'!$H$10*F$5-'DigiKey Order'!$K$10)+'DigiKey Order'!$M$10)*IF('DigiKey Order'!$P$10<>"",'DigiKey Order'!$P$10,LOOKUP((MAX(0,'DigiKey Order'!$F$10*F$4+'DigiKey Order'!$H$10*F$5-'DigiKey Order'!$K$10)+'DigiKey Order'!$M$10),'DigiKey Order'!$U$10:$AB$10,'DigiKey Order'!$AC$10:$AJ$10))*(1+Settings!$B$7)) -> 19.65 | G13: =IF(OR('DigiKey Order'!$L$10<>"Y",(MAX(0,'DigiKey Order'!$F$10*G$4+'DigiKey Order'!$H$10*G$5-'DigiKey Order'!$K$10)+'DigiKey Order'!$M$10)<=0),0,(MAX(0,'DigiKey Order'!$F$10*G$4+'DigiKey Order'!$H$10*G$5-'DigiKey Order'!$K$10)+'DigiKey Order'!$M$10)*IF('DigiKey Order'!$P$10<>"",'DigiKey Order'!$P$10,LOOKUP((MAX(0,'DigiKey Order'!$F$10*G$4+'DigiKey Order'!$H$10*G$5-'DigiKey Order'!$K$10)+'DigiKey Order'!$M$10),'DigiKey Order'!$U$10:$AB$10,'DigiKey Order'!$AC$10:$AJ$10))*(1+Settings!$B$7)) -> 19.65 | H13: =IF(OR('DigiKey Order'!$L$10<>"Y",(MAX(0,'DigiKey Order'!$F$10*H$4+'DigiKey Order'!$H$10*H$5-'DigiKey Order'!$K$10)+'DigiKey Order'!$M$10)<=0),0,(MAX(0,'DigiKey Order'!$F$10*H$4+'DigiKey Order'!$H$10*H$5-'DigiKey Order'!$K$10)+'DigiKey Order'!$M$10)*IF('DigiKey Order'!$P$10<>"",'DigiKey Order'!$P$10,LOOKUP((MAX(0,'DigiKey Order'!$F$10*H$4+'DigiKey Order'!$H$10*H$5-'DigiKey Order'!$K$10)+'DigiKey Order'!$M$10),'DigiKey Order'!$U$10:$AB$10,'DigiKey Order'!$AC$10:$AJ$10))*(1+Settings!$B$7)) -> 26.2 | I13: =IF(OR('DigiKey Order'!$L$10<>"Y",(MAX(0,'DigiKey Order'!$F$10*I$4+'DigiKey Order'!$H$10*I$5-'DigiKey Order'!$K$10)+'DigiKey Order'!$M$10)<=0),0,(MAX(0,'DigiKey Order'!$F$10*I$4+'DigiKey Order'!$H$10*I$5-'DigiKey Order'!$K$10)+'DigiKey Order'!$M$10)*IF('DigiKey Order'!$P$10<>"",'DigiKey Order'!$P$10,LOOKUP((MAX(0,'DigiKey Order'!$F$10*I$4+'DigiKey Order'!$H$10*I$5-'DigiKey Order'!$K$10)+'DigiKey Order'!$M$10),'DigiKey Order'!$U$10:$AB$10,'DigiKey Order'!$AC$10:$AJ$10))*(1+Settings!$B$7)) -> 32.75 | J13: =IF(OR('DigiKey Order'!$L$10<>"Y",(MAX(0,'DigiKey Order'!$F$10*J$4+'DigiKey Order'!$H$10*J$5-'DigiKey Order'!$K$10)+'DigiKey Order'!$M$10)<=0),0,(MAX(0,'DigiKey Order'!$F$10*J$4+'DigiKey Order'!$H$10*J$5-'DigiKey Order'!$K$10)+'DigiKey Order'!$M$10)*IF('DigiKey Order'!$P$10<>"",'DigiKey Order'!$P$10,LOOKUP((MAX(0,'DigiKey Order'!$F$10*J$4+'DigiKey Order'!$H$10*J$5-'DigiKey Order'!$K$10)+'DigiKey Order'!$M$10),'DigiKey Order'!$U$10:$AB$10,'DigiKey Order'!$AC$10:$AJ$10))*(1+Settings!$B$7)) -> 39.3
A14: ='DigiKey Order'!A11 -> 732-2107-ND | B14: ='DigiKey Order'!D11 -> CONN RCPT USB2.0 TYPE-A STACKED R/A | C14: =IF(OR('DigiKey Order'!$L$11<>"Y",(MAX(0,'DigiKey Order'!$F$11*C$4+'DigiKey Order'!$H$11*C$5-'DigiKey Order'!$K$11)+'DigiKey Order'!$M$11)<=0),0,(MAX(0,'DigiKey Order'!$F$11*C$4+'DigiKey Order'!$H$11*C$5-'DigiKey Order'!$K$11)+'DigiKey Order'!$M$11)*IF('DigiKey Order'!$P$11<>"",'DigiKey Order'!$P$11,LOOKUP((MAX(0,'DigiKey Order'!$F$11*C$4+'DigiKey Order'!$H$11*C$5-'DigiKey Order'!$K$11)+'DigiKey Order'!$M$11),'DigiKey Order'!$U$11:$AB$11,'DigiKey Order'!$AC$11:$AJ$11))*(1+Settings!$B$7)) -> 32.75 | D14: =IF(OR('DigiKey Order'!$L$11<>"Y",(MAX(0,'DigiKey Order'!$F$11*D$4+'DigiKey Order'!$H$11*D$5-'DigiKey Order'!$K$11)+'DigiKey Order'!$M$11)<=0),0,(MAX(0,'DigiKey Order'!$F$11*D$4+'DigiKey Order'!$H$11*D$5-'DigiKey Order'!$K$11)+'DigiKey Order'!$M$11)*IF('DigiKey Order'!$P$11<>"",'DigiKey Order'!$P$11,LOOKUP((MAX(0,'DigiKey Order'!$F$11*D$4+'DigiKey Order'!$H$11*D$5-'DigiKey Order'!$K$11)+'DigiKey Order'!$M$11),'DigiKey Order'!$U$11:$AB$11,'DigiKey Order'!$AC$11:$AJ$11))*(1+Settings!$B$7)) -> 32.75 | E14: =IF(OR('DigiKey Order'!$L$11<>"Y",(MAX(0,'DigiKey Order'!$F$11*E$4+'DigiKey Order'!$H$11*E$5-'DigiKey Order'!$K$11)+'DigiKey Order'!$M$11)<=0),0,(MAX(0,'DigiKey Order'!$F$11*E$4+'DigiKey Order'!$H$11*E$5-'DigiKey Order'!$K$11)+'DigiKey Order'!$M$11)*IF('DigiKey Order'!$P$11<>"",'DigiKey Order'!$P$11,LOOKUP((MAX(0,'DigiKey Order'!$F$11*E$4+'DigiKey Order'!$H$11*E$5-'DigiKey Order'!$K$11)+'DigiKey Order'!$M$11),'DigiKey Order'!$U$11:$AB$11,'DigiKey Order'!$AC$11:$AJ$11))*(1+Settings!$B$7)) -> 32.75 | F14: =IF(OR('DigiKey Order'!$L$11<>"Y",(MAX(0,'DigiKey Order'!$F$11*F$4+'DigiKey Order'!$H$11*F$5-'DigiKey Order'!$K$11)+'DigiKey Order'!$M$11)<=0),0,(MAX(0,'DigiKey Order'!$F$11*F$4+'DigiKey Order'!$H$11*F$5-'DigiKey Order'!$K$11)+'DigiKey Order'!$M$11)*IF('DigiKey Order'!$P$11<>"",'DigiKey Order'!$P$11,LOOKUP((MAX(0,'DigiKey Order'!$F$11*F$4+'DigiKey Order'!$H$11*F$5-'DigiKey Order'!$K$11)+'DigiKey Order'!$M$11),'DigiKey Order'!$U$11:$AB$11,'DigiKey Order'!$AC$11:$AJ$11))*(1+Settings!$B$7)) -> 32.75 | G14: =IF(OR('DigiKey Order'!$L$11<>"Y",(MAX(0,'DigiKey Order'!$F$11*G$4+'DigiKey Order'!$H$11*G$5-'DigiKey Order'!$K$11)+'DigiKey Order'!$M$11)<=0),0,(MAX(0,'DigiKey Order'!$F$11*G$4+'DigiKey Order'!$H$11*G$5-'DigiKey Order'!$K$11)+'DigiKey Order'!$M$11)*IF('DigiKey Order'!$P$11<>"",'DigiKey Order'!$P$11,LOOKUP((MAX(0,'DigiKey Order'!$F$11*G$4+'DigiKey Order'!$H$11*G$5-'DigiKey Order'!$K$11)+'DigiKey Order'!$M$11),'DigiKey Order'!$U$11:$AB$11,'DigiKey Order'!$AC$11:$AJ$11))*(1+Settings!$B$7)) -> 65.5 | H14: =IF(OR('DigiKey Order'!$L$11<>"Y",(MAX(0,'DigiKey Order'!$F$11*H$4+'DigiKey Order'!$H$11*H$5-'DigiKey Order'!$K$11)+'DigiKey Order'!$M$11)<=0),0,(MAX(0,'DigiKey Order'!$F$11*H$4+'DigiKey Order'!$H$11*H$5-'DigiKey Order'!$K$11)+'DigiKey Order'!$M$11)*IF('DigiKey Order'!$P$11<>"",'DigiKey Order'!$P$11,LOOKUP((MAX(0,'DigiKey Order'!$F$11*H$4+'DigiKey Order'!$H$11*H$5-'DigiKey Order'!$K$11)+'DigiKey Order'!$M$11),'DigiKey Order'!$U$11:$AB$11,'DigiKey Order'!$AC$11:$AJ$11))*(1+Settings!$B$7)) -> 65.5 | I14: =IF(OR('DigiKey Order'!$L$11<>"Y",(MAX(0,'DigiKey Order'!$F$11*I$4+'DigiKey Order'!$H$11*I$5-'DigiKey Order'!$K$11)+'DigiKey Order'!$M$11)<=0),0,(MAX(0,'DigiKey Order'!$F$11*I$4+'DigiKey Order'!$H$11*I$5-'DigiKey Order'!$K$11)+'DigiKey Order'!$M$11)*IF('DigiKey Order'!$P$11<>"",'DigiKey Order'!$P$11,LOOKUP((MAX(0,'DigiKey Order'!$F$11*I$4+'DigiKey Order'!$H$11*I$5-'DigiKey Order'!$K$11)+'DigiKey Order'!$M$11),'DigiKey Order'!$U$11:$AB$11,'DigiKey Order'!$AC$11:$AJ$11))*(1+Settings!$B$7)) -> 65.5 | J14: =IF(OR('DigiKey Order'!$L$11<>"Y",(MAX(0,'DigiKey Order'!$F$11*J$4+'DigiKey Order'!$H$11*J$5-'DigiKey Order'!$K$11)+'DigiKey Order'!$M$11)<=0),0,(MAX(0,'DigiKey Order'!$F$11*J$4+'DigiKey Order'!$H$11*J$5-'DigiKey Order'!$K$11)+'DigiKey Order'!$M$11)*IF('DigiKey Order'!$P$11<>"",'DigiKey Order'!$P$11,LOOKUP((MAX(0,'DigiKey Order'!$F$11*J$4+'DigiKey Order'!$H$11*J$5-'DigiKey Order'!$K$11)+'DigiKey Order'!$M$11),'DigiKey Order'!$U$11:$AB$11,'DigiKey Order'!$AC$11:$AJ$11))*(1+Settings!$B$7)) -> 65.5
A15: ='DigiKey Order'!A12 -> 732-5317-ND | B15: ='DigiKey Order'!D12 -> CONN HEADER VERT 4POS 2.54MM | C15: =IF(OR('DigiKey Order'!$L$12<>"Y",(MAX(0,'DigiKey Order'!$F$12*C$4+'DigiKey Order'!$H$12*C$5-'DigiKey Order'!$K$12)+'DigiKey Order'!$M$12)<=0),0,(MAX(0,'DigiKey Order'!$F$12*C$4+'DigiKey Order'!$H$12*C$5-'DigiKey Order'!$K$12)+'DigiKey Order'!$M$12)*IF('DigiKey Order'!$P$12<>"",'DigiKey Order'!$P$12,LOOKUP((MAX(0,'DigiKey Order'!$F$12*C$4+'DigiKey Order'!$H$12*C$5-'DigiKey Order'!$K$12)+'DigiKey Order'!$M$12),'DigiKey Order'!$U$12:$AB$12,'DigiKey Order'!$AC$12:$AJ$12))*(1+Settings!$B$7)) -> 0 | D15: =IF(OR('DigiKey Order'!$L$12<>"Y",(MAX(0,'DigiKey Order'!$F$12*D$4+'DigiKey Order'!$H$12*D$5-'DigiKey Order'!$K$12)+'DigiKey Order'!$M$12)<=0),0,(MAX(0,'DigiKey Order'!$F$12*D$4+'DigiKey Order'!$H$12*D$5-'DigiKey Order'!$K$12)+'DigiKey Order'!$M$12)*IF('DigiKey Order'!$P$12<>"",'DigiKey Order'!$P$12,LOOKUP((MAX(0,'DigiKey Order'!$F$12*D$4+'DigiKey Order'!$H$12*D$5-'DigiKey Order'!$K$12)+'DigiKey Order'!$M$12),'DigiKey Order'!$U$12:$AB$12,'DigiKey Order'!$AC$12:$AJ$12))*(1+Settings!$B$7)) -> 0 | E15: =IF(OR('DigiKey Order'!$L$12<>"Y",(MAX(0,'DigiKey Order'!$F$12*E$4+'DigiKey Order'!$H$12*E$5-'DigiKey Order'!$K$12)+'DigiKey Order'!$M$12)<=0),0,(MAX(0,'DigiKey Order'!$F$12*E$4+'DigiKey Order'!$H$12*E$5-'DigiKey Order'!$K$12)+'DigiKey Order'!$M$12)*IF('DigiKey Order'!$P$12<>"",'DigiKey Order'!$P$12,LOOKUP((MAX(0,'DigiKey Order'!$F$12*E$4+'DigiKey Order'!$H$12*E$5-'DigiKey Order'!$K$12)+'DigiKey Order'!$M$12),'DigiKey Order'!$U$12:$AB$12,'DigiKey Order'!$AC$12:$AJ$12))*(1+Settings!$B$7)) -> 0 | F15: =IF(OR('DigiKey Order'!$L$12<>"Y",(MAX(0,'DigiKey Order'!$F$12*F$4+'DigiKey Order'!$H$12*F$5-'DigiKey Order'!$K$12)+'DigiKey Order'!$M$12)<=0),0,(MAX(0,'DigiKey Order'!$F$12*F$4+'DigiKey Order'!$H$12*F$5-'DigiKey Order'!$K$12)+'DigiKey Order'!$M$12)*IF('DigiKey Order'!$P$12<>"",'DigiKey Order'!$P$12,LOOKUP((MAX(0,'DigiKey Order'!$F$12*F$4+'DigiKey Order'!$H$12*F$5-'DigiKey Order'!$K$12)+'DigiKey Order'!$M$12),'DigiKey Order'!$U$12:$AB$12,'DigiKey Order'!$AC$12:$AJ$12))*(1+Settings!$B$7)) -> 0 | G15: =IF(OR('DigiKey Order'!$L$12<>"Y",(MAX(0,'DigiKey Order'!$F$12*G$4+'DigiKey Order'!$H$12*G$5-'DigiKey Order'!$K$12)+'DigiKey Order'!$M$12)<=0),0,(MAX(0,'DigiKey Order'!$F$12*G$4+'DigiKey Order'!$H$12*G$5-'DigiKey Order'!$K$12)+'DigiKey Order'!$M$12)*IF('DigiKey Order'!$P$12<>"",'DigiKey Order'!$P$12,LOOKUP((MAX(0,'DigiKey Order'!$F$12*G$4+'DigiKey Order'!$H$12*G$5-'DigiKey Order'!$K$12)+'DigiKey Order'!$M$12),'DigiKey Order'!$U$12:$AB$12,'DigiKey Order'!$AC$12:$AJ$12))*(1+Settings!$B$7)) -> 0 | H15: =IF(OR('DigiKey Order'!$L$12<>"Y",(MAX(0,'DigiKey Order'!$F$12*H$4+'DigiKey Order'!$H$12*H$5-'DigiKey Order'!$K$12)+'DigiKey Order'!$M$12)<=0),0,(MAX(0,'DigiKey Order'!$F$12*H$4+'DigiKey Order'!$H$12*H$5-'DigiKey Order'!$K$12)+'DigiKey Order'!$M$12)*IF('DigiKey Order'!$P$12<>"",'DigiKey Order'!$P$12,LOOKUP((MAX(0,'DigiKey Order'!$F$12*H$4+'DigiKey Order'!$H$12*H$5-'DigiKey Order'!$K$12)+'DigiKey Order'!$M$12),'DigiKey Order'!$U$12:$AB$12,'DigiKey Order'!$AC$12:$AJ$12))*(1+Settings!$B$7)) -> 0 | I15: =IF(OR('DigiKey Order'!$L$12<>"Y",(MAX(0,'DigiKey Order'!$F$12*I$4+'DigiKey Order'!$H$12*I$5-'DigiKey Order'!$K$12)+'DigiKey Order'!$M$12)<=0),0,(MAX(0,'DigiKey Order'!$F$12*I$4+'DigiKey Order'!$H$12*I$5-'DigiKey Order'!$K$12)+'DigiKey Order'!$M$12)*IF('DigiKey Order'!$P$12<>"",'DigiKey Order'!$P$12,LOOKUP((MAX(0,'DigiKey Order'!$F$12*I$4+'DigiKey Order'!$H$12*I$5-'DigiKey Order'!$K$12)+'DigiKey Order'!$M$12),'DigiKey Order'!$U$12:$AB$12,'DigiKey Order'!$AC$12:$AJ$12))*(1+Settings!$B$7)) -> 0 | J15: =IF(OR('DigiKey Order'!$L$12<>"Y",(MAX(0,'DigiKey Order'!$F$12*J$4+'DigiKey Order'!$H$12*J$5-'DigiKey Order'!$K$12)+'DigiKey Order'!$M$12)<=0),0,(MAX(0,'DigiKey Order'!$F$12*J$4+'DigiKey Order'!$H$12*J$5-'DigiKey Order'!$K$12)+'DigiKey Order'!$M$12)*IF('DigiKey Order'!$P$12<>"",'DigiKey Order'!$P$12,LOOKUP((MAX(0,'DigiKey Order'!$F$12*J$4+'DigiKey Order'!$H$12*J$5-'DigiKey Order'!$K$12)+'DigiKey Order'!$M$12),'DigiKey Order'!$U$12:$AB$12,'DigiKey Order'!$AC$12:$AJ$12))*(1+Settings!$B$7)) -> 0
A16: ='DigiKey Order'!A13 -> 296-43875-1-ND | B16: ='DigiKey Order'!D13 -> TVS DIODE 3.6VWM 8.8VC 10USON | C16: =IF(OR('DigiKey Order'!$L$13<>"Y",(MAX(0,'DigiKey Order'!$F$13*C$4+'DigiKey Order'!$H$13*C$5-'DigiKey Order'!$K$13)+'DigiKey Order'!$M$13)<=0),0,(MAX(0,'DigiKey Order'!$F$13*C$4+'DigiKey Order'!$H$13*C$5-'DigiKey Order'!$K$13)+'DigiKey Order'!$M$13)*IF('DigiKey Order'!$P$13<>"",'DigiKey Order'!$P$13,LOOKUP((MAX(0,'DigiKey Order'!$F$13*C$4+'DigiKey Order'!$H$13*C$5-'DigiKey Order'!$K$13)+'DigiKey Order'!$M$13),'DigiKey Order'!$U$13:$AB$13,'DigiKey Order'!$AC$13:$AJ$13))*(1+Settings!$B$7)) -> 62.5075 | D16: =IF(OR('DigiKey Order'!$L$13<>"Y",(MAX(0,'DigiKey Order'!$F$13*D$4+'DigiKey Order'!$H$13*D$5-'DigiKey Order'!$K$13)+'DigiKey Order'!$M$13)<=0),0,(MAX(0,'DigiKey Order'!$F$13*D$4+'DigiKey Order'!$H$13*D$5-'DigiKey Order'!$K$13)+'DigiKey Order'!$M$13)*IF('DigiKey Order'!$P$13<>"",'DigiKey Order'!$P$13,LOOKUP((MAX(0,'DigiKey Order'!$F$13*D$4+'DigiKey Order'!$H$13*D$5-'DigiKey Order'!$K$13)+'DigiKey Order'!$M$13),'DigiKey Order'!$U$13:$AB$13,'DigiKey Order'!$AC$13:$AJ$13))*(1+Settings!$B$7)) -> 62.5075 | E16: =IF(OR('DigiKey Order'!$L$13<>"Y",(MAX(0,'DigiKey Order'!$F$13*E$4+'DigiKey Order'!$H$13*E$5-'DigiKey Order'!$K$13)+'DigiKey Order'!$M$13)<=0),0,(MAX(0,'DigiKey Order'!$F$13*E$4+'DigiKey Order'!$H$13*E$5-'DigiKey Order'!$K$13)+'DigiKey Order'!$M$13)*IF('DigiKey Order'!$P$13<>"",'DigiKey Order'!$P$13,LOOKUP((MAX(0,'DigiKey Order'!$F$13*E$4+'DigiKey Order'!$H$13*E$5-'DigiKey Order'!$K$13)+'DigiKey Order'!$M$13),'DigiKey Order'!$U$13:$AB$13,'DigiKey Order'!$AC$13:$AJ$13))*(1+Settings!$B$7)) -> 62.5075 | F16: =IF(OR('DigiKey Order'!$L$13<>"Y",(MAX(0,'DigiKey Order'!$F$13*F$4+'DigiKey Order'!$H$13*F$5-'DigiKey Order'!$K$13)+'DigiKey Order'!$M$13)<=0),0,(MAX(0,'DigiKey Order'!$F$13*F$4+'DigiKey Order'!$H$13*F$5-'DigiKey Order'!$K$13)+'DigiKey Order'!$M$13)*IF('DigiKey Order'!$P$13<>"",'DigiKey Order'!$P$13,LOOKUP((MAX(0,'DigiKey Order'!$F$13*F$4+'DigiKey Order'!$H$13*F$5-'DigiKey Order'!$K$13)+'DigiKey Order'!$M$13),'DigiKey Order'!$U$13:$AB$13,'DigiKey Order'!$AC$13:$AJ$13))*(1+Settings!$B$7)) -> 62.5075 | G16: =IF(OR('DigiKey Order'!$L$13<>"Y",(MAX(0,'DigiKey Order'!$F$13*G$4+'DigiKey Order'!$H$13*G$5-'DigiKey Order'!$K$13)+'DigiKey Order'!$M$13)<=0),0,(MAX(0,'DigiKey Order'!$F$13*G$4+'DigiKey Order'!$H$13*G$5-'DigiKey Order'!$K$13)+'DigiKey Order'!$M$13)*IF('DigiKey Order'!$P$13<>"",'DigiKey Order'!$P$13,LOOKUP((MAX(0,'DigiKey Order'!$F$13*G$4+'DigiKey Order'!$H$13*G$5-'DigiKey Order'!$K$13)+'DigiKey Order'!$M$13),'DigiKey Order'!$U$13:$AB$13,'DigiKey Order'!$AC$13:$AJ$13))*(1+Settings!$B$7)) -> 113.65 | H16: =IF(OR('DigiKey Order'!$L$13<>"Y",(MAX(0,'DigiKey Order'!$F$13*H$4+'DigiKey Order'!$H$13*H$5-'DigiKey Order'!$K$13)+'DigiKey Order'!$M$13)<=0),0,(MAX(0,'DigiKey Order'!$F$13*H$4+'DigiKey Order'!$H$13*H$5-'DigiKey Order'!$K$13)+'DigiKey Order'!$M$13)*IF('DigiKey Order'!$P$13<>"",'DigiKey Order'!$P$13,LOOKUP((MAX(0,'DigiKey Order'!$F$13*H$4+'DigiKey Order'!$H$13*H$5-'DigiKey Order'!$K$13)+'DigiKey Order'!$M$13),'DigiKey Order'!$U$13:$AB$13,'DigiKey Order'!$AC$13:$AJ$13))*(1+Settings!$B$7)) -> 113.65 | I16: =IF(OR('DigiKey Order'!$L$13<>"Y",(MAX(0,'DigiKey Order'!$F$13*I$4+'DigiKey Order'!$H$13*I$5-'DigiKey Order'!$K$13)+'DigiKey Order'!$M$13)<=0),0,(MAX(0,'DigiKey Order'!$F$13*I$4+'DigiKey Order'!$H$13*I$5-'DigiKey Order'!$K$13)+'DigiKey Order'!$M$13)*IF('DigiKey Order'!$P$13<>"",'DigiKey Order'!$P$13,LOOKUP((MAX(0,'DigiKey Order'!$F$13*I$4+'DigiKey Order'!$H$13*I$5-'DigiKey Order'!$K$13)+'DigiKey Order'!$M$13),'DigiKey Order'!$U$13:$AB$13,'DigiKey Order'!$AC$13:$AJ$13))*(1+Settings!$B$7)) -> 113.65 | J16: =IF(OR('DigiKey Order'!$L$13<>"Y",(MAX(0,'DigiKey Order'!$F$13*J$4+'DigiKey Order'!$H$13*J$5-'DigiKey Order'!$K$13)+'DigiKey Order'!$M$13)<=0),0,(MAX(0,'DigiKey Order'!$F$13*J$4+'DigiKey Order'!$H$13*J$5-'DigiKey Order'!$K$13)+'DigiKey Order'!$M$13)*IF('DigiKey Order'!$P$13<>"",'DigiKey Order'!$P$13,LOOKUP((MAX(0,'DigiKey Order'!$F$13*J$4+'DigiKey Order'!$H$13*J$5-'DigiKey Order'!$K$13)+'DigiKey Order'!$M$13),'DigiKey Order'!$U$13:$AB$13,'DigiKey Order'!$AC$13:$AJ$13))*(1+Settings!$B$7)) -> 113.65
A17: ='DigiKey Order'!A14 -> 296-42335-1-ND | B17: ='DigiKey Order'!D14 -> IC DISPLAYPORT 2:1 DIFF SW 56QFN | C17: =IF(OR('DigiKey Order'!$L$14<>"Y",(MAX(0,'DigiKey Order'!$F$14*C$4+'DigiKey Order'!$H$14*C$5-'DigiKey Order'!$K$14)+'DigiKey Order'!$M$14)<=0),0,(MAX(0,'DigiKey Order'!$F$14*C$4+'DigiKey Order'!$H$14*C$5-'DigiKey Order'!$K$14)+'DigiKey Order'!$M$14)*IF('DigiKey Order'!$P$14<>"",'DigiKey Order'!$P$14,LOOKUP((MAX(0,'DigiKey Order'!$F$14*C$4+'DigiKey Order'!$H$14*C$5-'DigiKey Order'!$K$14)+'DigiKey Order'!$M$14),'DigiKey Order'!$U$14:$AB$14,'DigiKey Order'!$AC$14:$AJ$14))*(1+Settings!$B$7)) -> 38.4 | D17: =IF(OR('DigiKey Order'!$L$14<>"Y",(MAX(0,'DigiKey Order'!$F$14*D$4+'DigiKey Order'!$H$14*D$5-'DigiKey Order'!$K$14)+'DigiKey Order'!$M$14)<=0),0,(MAX(0,'DigiKey Order'!$F$14*D$4+'DigiKey Order'!$H$14*D$5-'DigiKey Order'!$K$14)+'DigiKey Order'!$M$14)*IF('DigiKey Order'!$P$14<>"",'DigiKey Order'!$P$14,LOOKUP((MAX(0,'DigiKey Order'!$F$14*D$4+'DigiKey Order'!$H$14*D$5-'DigiKey Order'!$K$14)+'DigiKey Order'!$M$14),'DigiKey Order'!$U$14:$AB$14,'DigiKey Order'!$AC$14:$AJ$14))*(1+Settings!$B$7)) -> 38.4 | E17: =IF(OR('DigiKey Order'!$L$14<>"Y",(MAX(0,'DigiKey Order'!$F$14*E$4+'DigiKey Order'!$H$14*E$5-'DigiKey Order'!$K$14)+'DigiKey Order'!$M$14)<=0),0,(MAX(0,'DigiKey Order'!$F$14*E$4+'DigiKey Order'!$H$14*E$5-'DigiKey Order'!$K$14)+'DigiKey Order'!$M$14)*IF('DigiKey Order'!$P$14<>"",'DigiKey Order'!$P$14,LOOKUP((MAX(0,'DigiKey Order'!$F$14*E$4+'DigiKey Order'!$H$14*E$5-'DigiKey Order'!$K$14)+'DigiKey Order'!$M$14),'DigiKey Order'!$U$14:$AB$14,'DigiKey Order'!$AC$14:$AJ$14))*(1+Settings!$B$7)) -> 38.4 | F17: =IF(OR('DigiKey Order'!$L$14<>"Y",(MAX(0,'DigiKey Order'!$F$14*F$4+'DigiKey Order'!$H$14*F$5-'DigiKey Order'!$K$14)+'DigiKey Order'!$M$14)<=0),0,(MAX(0,'DigiKey Order'!$F$14*F$4+'DigiKey Order'!$H$14*F$5-'DigiKey Order'!$K$14)+'DigiKey Order'!$M$14)*IF('DigiKey Order'!$P$14<>"",'DigiKey Order'!$P$14,LOOKUP((MAX(0,'DigiKey Order'!$F$14*F$4+'DigiKey Order'!$H$14*F$5-'DigiKey Order'!$K$14)+'DigiKey Order'!$M$14),'DigiKey Order'!$U$14:$AB$14,'DigiKey Order'!$AC$14:$AJ$14))*(1+Settings!$B$7)) -> 38.4 | G17: =IF(OR('DigiKey Order'!$L$14<>"Y",(MAX(0,'DigiKey Order'!$F$14*G$4+'DigiKey Order'!$H$14*G$5-'DigiKey Order'!$K$14)+'DigiKey Order'!$M$14)<=0),0,(MAX(0,'DigiKey Order'!$F$14*G$4+'DigiKey Order'!$H$14*G$5-'DigiKey Order'!$K$14)+'DigiKey Order'!$M$14)*IF('DigiKey Order'!$P$14<>"",'DigiKey Order'!$P$14,LOOKUP((MAX(0,'DigiKey Order'!$F$14*G$4+'DigiKey Order'!$H$14*G$5-'DigiKey Order'!$K$14)+'DigiKey Order'!$M$14),'DigiKey Order'!$U$14:$AB$14,'DigiKey Order'!$AC$14:$AJ$14))*(1+Settings!$B$7)) -> 76.8 | H17: =IF(OR('DigiKey Order'!$L$14<>"Y",(MAX(0,'DigiKey Order'!$F$14*H$4+'DigiKey Order'!$H$14*H$5-'DigiKey Order'!$K$14)+'DigiKey Order'!$M$14)<=0),0,(MAX(0,'DigiKey Order'!$F$14*H$4+'DigiKey Order'!$H$14*H$5-'DigiKey Order'!$K$14)+'DigiKey Order'!$M$14)*IF('DigiKey Order'!$P$14<>"",'DigiKey Order'!$P$14,LOOKUP((MAX(0,'DigiKey Order'!$F$14*H$4+'DigiKey Order'!$H$14*H$5-'DigiKey Order'!$K$14)+'DigiKey Order'!$M$14),'DigiKey Order'!$U$14:$AB$14,'DigiKey Order'!$AC$14:$AJ$14))*(1+Settings!$B$7)) -> 76.8 | I17: =IF(OR('DigiKey Order'!$L$14<>"Y",(MAX(0,'DigiKey Order'!$F$14*I$4+'DigiKey Order'!$H$14*I$5-'DigiKey Order'!$K$14)+'DigiKey Order'!$M$14)<=0),0,(MAX(0,'DigiKey Order'!$F$14*I$4+'DigiKey Order'!$H$14*I$5-'DigiKey Order'!$K$14)+'DigiKey Order'!$M$14)*IF('DigiKey Order'!$P$14<>"",'DigiKey Order'!$P$14,LOOKUP((MAX(0,'DigiKey Order'!$F$14*I$4+'DigiKey Order'!$H$14*I$5-'DigiKey Order'!$K$14)+'DigiKey Order'!$M$14),'DigiKey Order'!$U$14:$AB$14,'DigiKey Order'!$AC$14:$AJ$14))*(1+Settings!$B$7)) -> 76.8 | J17: =IF(OR('DigiKey Order'!$L$14<>"Y",(MAX(0,'DigiKey Order'!$F$14*J$4+'DigiKey Order'!$H$14*J$5-'DigiKey Order'!$K$14)+'DigiKey Order'!$M$14)<=0),0,(MAX(0,'DigiKey Order'!$F$14*J$4+'DigiKey Order'!$H$14*J$5-'DigiKey Order'!$K$14)+'DigiKey Order'!$M$14)*IF('DigiKey Order'!$P$14<>"",'DigiKey Order'!$P$14,LOOKUP((MAX(0,'DigiKey Order'!$F$14*J$4+'DigiKey Order'!$H$14*J$5-'DigiKey Order'!$K$14)+'DigiKey Order'!$M$14),'DigiKey Order'!$U$14:$AB$14,'DigiKey Order'!$AC$14:$AJ$14))*(1+Settings!$B$7)) -> 76.8
A18: ='DigiKey Order'!A15 -> 296-50411-1-ND | B18: ='DigiKey Order'!D15 -> IC REG LINEAR 3.3V 500MA SOT23-5 | C18: =IF(OR('DigiKey Order'!$L$15<>"Y",(MAX(0,'DigiKey Order'!$F$15*C$4+'DigiKey Order'!$H$15*C$5-'DigiKey Order'!$K$15)+'DigiKey Order'!$M$15)<=0),0,(MAX(0,'DigiKey Order'!$F$15*C$4+'DigiKey Order'!$H$15*C$5-'DigiKey Order'!$K$15)+'DigiKey Order'!$M$15)*IF('DigiKey Order'!$P$15<>"",'DigiKey Order'!$P$15,LOOKUP((MAX(0,'DigiKey Order'!$F$15*C$4+'DigiKey Order'!$H$15*C$5-'DigiKey Order'!$K$15)+'DigiKey Order'!$M$15),'DigiKey Order'!$U$15:$AB$15,'DigiKey Order'!$AC$15:$AJ$15))*(1+Settings!$B$7)) -> 30.9375 | D18: =IF(OR('DigiKey Order'!$L$15<>"Y",(MAX(0,'DigiKey Order'!$F$15*D$4+'DigiKey Order'!$H$15*D$5-'DigiKey Order'!$K$15)+'DigiKey Order'!$M$15)<=0),0,(MAX(0,'DigiKey Order'!$F$15*D$4+'DigiKey Order'!$H$15*D$5-'DigiKey Order'!$K$15)+'DigiKey Order'!$M$15)*IF('DigiKey Order'!$P$15<>"",'DigiKey Order'!$P$15,LOOKUP((MAX(0,'DigiKey Order'!$F$15*D$4+'DigiKey Order'!$H$15*D$5-'DigiKey Order'!$K$15)+'DigiKey Order'!$M$15),'DigiKey Order'!$U$15:$AB$15,'DigiKey Order'!$AC$15:$AJ$15))*(1+Settings!$B$7)) -> 23.9875 | E18: =IF(OR('DigiKey Order'!$L$15<>"Y",(MAX(0,'DigiKey Order'!$F$15*E$4+'DigiKey Order'!$H$15*E$5-'DigiKey Order'!$K$15)+'DigiKey Order'!$M$15)<=0),0,(MAX(0,'DigiKey Order'!$F$15*E$4+'DigiKey Order'!$H$15*E$5-'DigiKey Order'!$K$15)+'DigiKey Order'!$M$15)*IF('DigiKey Order'!$P$15<>"",'DigiKey Order'!$P$15,LOOKUP((MAX(0,'DigiKey Order'!$F$15*E$4+'DigiKey Order'!$H$15*E$5-'DigiKey Order'!$K$15)+'DigiKey Order'!$M$15),'DigiKey Order'!$U$15:$AB$15,'DigiKey Order'!$AC$15:$AJ$15))*(1+Settings!$B$7)) -> 26.38625 | F18: =IF(OR('DigiKey Order'!$L$15<>"Y",(MAX(0,'DigiKey Order'!$F$15*F$4+'DigiKey Order'!$H$15*F$5-'DigiKey Order'!$K$15)+'DigiKey Order'!$M$15)<=0),0,(MAX(0,'DigiKey Order'!$F$15*F$4+'DigiKey Order'!$H$15*F$5-'DigiKey Order'!$K$15)+'DigiKey Order'!$M$15)*IF('DigiKey Order'!$P$15<>"",'DigiKey Order'!$P$15,LOOKUP((MAX(0,'DigiKey Order'!$F$15*F$4+'DigiKey Order'!$H$15*F$5-'DigiKey Order'!$K$15)+'DigiKey Order'!$M$15),'DigiKey Order'!$U$15:$AB$15,'DigiKey Order'!$AC$15:$AJ$15))*(1+Settings!$B$7)) -> 28.785 | G18: =IF(OR('DigiKey Order'!$L$15<>"Y",(MAX(0,'DigiKey Order'!$F$15*G$4+'DigiKey Order'!$H$15*G$5-'DigiKey Order'!$K$15)+'DigiKey Order'!$M$15)<=0),0,(MAX(0,'DigiKey Order'!$F$15*G$4+'DigiKey Order'!$H$15*G$5-'DigiKey Order'!$K$15)+'DigiKey Order'!$M$15)*IF('DigiKey Order'!$P$15<>"",'DigiKey Order'!$P$15,LOOKUP((MAX(0,'DigiKey Order'!$F$15*G$4+'DigiKey Order'!$H$15*G$5-'DigiKey Order'!$K$15)+'DigiKey Order'!$M$15),'DigiKey Order'!$U$15:$AB$15,'DigiKey Order'!$AC$15:$AJ$15))*(1+Settings!$B$7)) -> 23.9875 | H18: =IF(OR('DigiKey Order'!$L$15<>"Y",(MAX(0,'DigiKey Order'!$F$15*H$4+'DigiKey Order'!$H$15*H$5-'DigiKey Order'!$K$15)+'DigiKey Order'!$M$15)<=0),0,(MAX(0,'DigiKey Order'!$F$15*H$4+'DigiKey Order'!$H$15*H$5-'DigiKey Order'!$K$15)+'DigiKey Order'!$M$15)*IF('DigiKey Order'!$P$15<>"",'DigiKey Order'!$P$15,LOOKUP((MAX(0,'DigiKey Order'!$F$15*H$4+'DigiKey Order'!$H$15*H$5-'DigiKey Order'!$K$15)+'DigiKey Order'!$M$15),'DigiKey Order'!$U$15:$AB$15,'DigiKey Order'!$AC$15:$AJ$15))*(1+Settings!$B$7)) -> 26.38625 | I18: =IF(OR('DigiKey Order'!$L$15<>"Y",(MAX(0,'DigiKey Order'!$F$15*I$4+'DigiKey Order'!$H$15*I$5-'DigiKey Order'!$K$15)+'DigiKey Order'!$M$15)<=0),0,(MAX(0,'DigiKey Order'!$F$15*I$4+'DigiKey Order'!$H$15*I$5-'DigiKey Order'!$K$15)+'DigiKey Order'!$M$15)*IF('DigiKey Order'!$P$15<>"",'DigiKey Order'!$P$15,LOOKUP((MAX(0,'DigiKey Order'!$F$15*I$4+'DigiKey Order'!$H$15*I$5-'DigiKey Order'!$K$15)+'DigiKey Order'!$M$15),'DigiKey Order'!$U$15:$AB$15,'DigiKey Order'!$AC$15:$AJ$15))*(1+Settings!$B$7)) -> 28.785 | J18: =IF(OR('DigiKey Order'!$L$15<>"Y",(MAX(0,'DigiKey Order'!$F$15*J$4+'DigiKey Order'!$H$15*J$5-'DigiKey Order'!$K$15)+'DigiKey Order'!$M$15)<=0),0,(MAX(0,'DigiKey Order'!$F$15*J$4+'DigiKey Order'!$H$15*J$5-'DigiKey Order'!$K$15)+'DigiKey Order'!$M$15)*IF('DigiKey Order'!$P$15<>"",'DigiKey Order'!$P$15,LOOKUP((MAX(0,'DigiKey Order'!$F$15*J$4+'DigiKey Order'!$H$15*J$5-'DigiKey Order'!$K$15)+'DigiKey Order'!$M$15),'DigiKey Order'!$U$15:$AB$15,'DigiKey Order'!$AC$15:$AJ$15))*(1+Settings!$B$7)) -> 31.18375
A19: ='DigiKey Order'!A16 -> 497-STM32C031G6U6-ND | B19: ='DigiKey Order'!D16 -> IC MCU 32BIT 32KB FLASH 28UFQFPN | C19: =IF(OR('DigiKey Order'!$L$16<>"Y",(MAX(0,'DigiKey Order'!$F$16*C$4+'DigiKey Order'!$H$16*C$5-'DigiKey Order'!$K$16)+'DigiKey Order'!$M$16)<=0),0,(MAX(0,'DigiKey Order'!$F$16*C$4+'DigiKey Order'!$H$16*C$5-'DigiKey Order'!$K$16)+'DigiKey Order'!$M$16)*IF('DigiKey Order'!$P$16<>"",'DigiKey Order'!$P$16,LOOKUP((MAX(0,'DigiKey Order'!$F$16*C$4+'DigiKey Order'!$H$16*C$5-'DigiKey Order'!$K$16)+'DigiKey Order'!$M$16),'DigiKey Order'!$U$16:$AB$16,'DigiKey Order'!$AC$16:$AJ$16))*(1+Settings!$B$7)) -> 22.925 | D19: =IF(OR('DigiKey Order'!$L$16<>"Y",(MAX(0,'DigiKey Order'!$F$16*D$4+'DigiKey Order'!$H$16*D$5-'DigiKey Order'!$K$16)+'DigiKey Order'!$M$16)<=0),0,(MAX(0,'DigiKey Order'!$F$16*D$4+'DigiKey Order'!$H$16*D$5-'DigiKey Order'!$K$16)+'DigiKey Order'!$M$16)*IF('DigiKey Order'!$P$16<>"",'DigiKey Order'!$P$16,LOOKUP((MAX(0,'DigiKey Order'!$F$16*D$4+'DigiKey Order'!$H$16*D$5-'DigiKey Order'!$K$16)+'DigiKey Order'!$M$16),'DigiKey Order'!$U$16:$AB$16,'DigiKey Order'!$AC$16:$AJ$16))*(1+Settings!$B$7)) -> 22.925 | E19: =IF(OR('DigiKey Order'!$L$16<>"Y",(MAX(0,'DigiKey Order'!$F$16*E$4+'DigiKey Order'!$H$16*E$5-'DigiKey Order'!$K$16)+'DigiKey Order'!$M$16)<=0),0,(MAX(0,'DigiKey Order'!$F$16*E$4+'DigiKey Order'!$H$16*E$5-'DigiKey Order'!$K$16)+'DigiKey Order'!$M$16)*IF('DigiKey Order'!$P$16<>"",'DigiKey Order'!$P$16,LOOKUP((MAX(0,'DigiKey Order'!$F$16*E$4+'DigiKey Order'!$H$16*E$5-'DigiKey Order'!$K$16)+'DigiKey Order'!$M$16),'DigiKey Order'!$U$16:$AB$16,'DigiKey Order'!$AC$16:$AJ$16))*(1+Settings!$B$7)) -> 22.925 | F19: =IF(OR('DigiKey Order'!$L$16<>"Y",(MAX(0,'DigiKey Order'!$F$16*F$4+'DigiKey Order'!$H$16*F$5-'DigiKey Order'!$K$16)+'DigiKey Order'!$M$16)<=0),0,(MAX(0,'DigiKey Order'!$F$16*F$4+'DigiKey Order'!$H$16*F$5-'DigiKey Order'!$K$16)+'DigiKey Order'!$M$16)*IF('DigiKey Order'!$P$16<>"",'DigiKey Order'!$P$16,LOOKUP((MAX(0,'DigiKey Order'!$F$16*F$4+'DigiKey Order'!$H$16*F$5-'DigiKey Order'!$K$16)+'DigiKey Order'!$M$16),'DigiKey Order'!$U$16:$AB$16,'DigiKey Order'!$AC$16:$AJ$16))*(1+Settings!$B$7)) -> 22.925 | G19: =IF(OR('DigiKey Order'!$L$16<>"Y",(MAX(0,'DigiKey Order'!$F$16*G$4+'DigiKey Order'!$H$16*G$5-'DigiKey Order'!$K$16)+'DigiKey Order'!$M$16)<=0),0,(MAX(0,'DigiKey Order'!$F$16*G$4+'DigiKey Order'!$H$16*G$5-'DigiKey Order'!$K$16)+'DigiKey Order'!$M$16)*IF('DigiKey Order'!$P$16<>"",'DigiKey Order'!$P$16,LOOKUP((MAX(0,'DigiKey Order'!$F$16*G$4+'DigiKey Order'!$H$16*G$5-'DigiKey Order'!$K$16)+'DigiKey Order'!$M$16),'DigiKey Order'!$U$16:$AB$16,'DigiKey Order'!$AC$16:$AJ$16))*(1+Settings!$B$7)) -> 34.3875 | H19: =IF(OR('DigiKey Order'!$L$16<>"Y",(MAX(0,'DigiKey Order'!$F$16*H$4+'DigiKey Order'!$H$16*H$5-'DigiKey Order'!$K$16)+'DigiKey Order'!$M$16)<=0),0,(MAX(0,'DigiKey Order'!$F$16*H$4+'DigiKey Order'!$H$16*H$5-'DigiKey Order'!$K$16)+'DigiKey Order'!$M$16)*IF('DigiKey Order'!$P$16<>"",'DigiKey Order'!$P$16,LOOKUP((MAX(0,'DigiKey Order'!$F$16*H$4+'DigiKey Order'!$H$16*H$5-'DigiKey Order'!$K$16)+'DigiKey Order'!$M$16),'DigiKey Order'!$U$16:$AB$16,'DigiKey Order'!$AC$16:$AJ$16))*(1+Settings!$B$7)) -> 34.3875 | I19: =IF(OR('DigiKey Order'!$L$16<>"Y",(MAX(0,'DigiKey Order'!$F$16*I$4+'DigiKey Order'!$H$16*I$5-'DigiKey Order'!$K$16)+'DigiKey Order'!$M$16)<=0),0,(MAX(0,'DigiKey Order'!$F$16*I$4+'DigiKey Order'!$H$16*I$5-'DigiKey Order'!$K$16)+'DigiKey Order'!$M$16)*IF('DigiKey Order'!$P$16<>"",'DigiKey Order'!$P$16,LOOKUP((MAX(0,'DigiKey Order'!$F$16*I$4+'DigiKey Order'!$H$16*I$5-'DigiKey Order'!$K$16)+'DigiKey Order'!$M$16),'DigiKey Order'!$U$16:$AB$16,'DigiKey Order'!$AC$16:$AJ$16))*(1+Settings!$B$7)) -> 34.3875 | J19: =IF(OR('DigiKey Order'!$L$16<>"Y",(MAX(0,'DigiKey Order'!$F$16*J$4+'DigiKey Order'!$H$16*J$5-'DigiKey Order'!$K$16)+'DigiKey Order'!$M$16)<=0),0,(MAX(0,'DigiKey Order'!$F$16*J$4+'DigiKey Order'!$H$16*J$5-'DigiKey Order'!$K$16)+'DigiKey Order'!$M$16)*IF('DigiKey Order'!$P$16<>"",'DigiKey Order'!$P$16,LOOKUP((MAX(0,'DigiKey Order'!$F$16*J$4+'DigiKey Order'!$H$16*J$5-'DigiKey Order'!$K$16)+'DigiKey Order'!$M$16),'DigiKey Order'!$U$16:$AB$16,'DigiKey Order'!$AC$16:$AJ$16))*(1+Settings!$B$7)) -> 34.3875
A20: ='DigiKey Order'!A17 -> 497-17666-1-ND | B20: ='DigiKey Order'!D17 -> IC MCU 32BIT 64KB FLASH 48LQFP | C20: =IF(OR('DigiKey Order'!$L$17<>"Y",(MAX(0,'DigiKey Order'!$F$17*C$4+'DigiKey Order'!$H$17*C$5-'DigiKey Order'!$K$17)+'DigiKey Order'!$M$17)<=0),0,(MAX(0,'DigiKey Order'!$F$17*C$4+'DigiKey Order'!$H$17*C$5-'DigiKey Order'!$K$17)+'DigiKey Order'!$M$17)*IF('DigiKey Order'!$P$17<>"",'DigiKey Order'!$P$17,LOOKUP((MAX(0,'DigiKey Order'!$F$17*C$4+'DigiKey Order'!$H$17*C$5-'DigiKey Order'!$K$17)+'DigiKey Order'!$M$17),'DigiKey Order'!$U$17:$AB$17,'DigiKey Order'!$AC$17:$AJ$17))*(1+Settings!$B$7)) -> 119.55 | D20: =IF(OR('DigiKey Order'!$L$17<>"Y",(MAX(0,'DigiKey Order'!$F$17*D$4+'DigiKey Order'!$H$17*D$5-'DigiKey Order'!$K$17)+'DigiKey Order'!$M$17)<=0),0,(MAX(0,'DigiKey Order'!$F$17*D$4+'DigiKey Order'!$H$17*D$5-'DigiKey Order'!$K$17)+'DigiKey Order'!$M$17)*IF('DigiKey Order'!$P$17<>"",'DigiKey Order'!$P$17,LOOKUP((MAX(0,'DigiKey Order'!$F$17*D$4+'DigiKey Order'!$H$17*D$5-'DigiKey Order'!$K$17)+'DigiKey Order'!$M$17),'DigiKey Order'!$U$17:$AB$17,'DigiKey Order'!$AC$17:$AJ$17))*(1+Settings!$B$7)) -> 179.325 | E20: =IF(OR('DigiKey Order'!$L$17<>"Y",(MAX(0,'DigiKey Order'!$F$17*E$4+'DigiKey Order'!$H$17*E$5-'DigiKey Order'!$K$17)+'DigiKey Order'!$M$17)<=0),0,(MAX(0,'DigiKey Order'!$F$17*E$4+'DigiKey Order'!$H$17*E$5-'DigiKey Order'!$K$17)+'DigiKey Order'!$M$17)*IF('DigiKey Order'!$P$17<>"",'DigiKey Order'!$P$17,LOOKUP((MAX(0,'DigiKey Order'!$F$17*E$4+'DigiKey Order'!$H$17*E$5-'DigiKey Order'!$K$17)+'DigiKey Order'!$M$17),'DigiKey Order'!$U$17:$AB$17,'DigiKey Order'!$AC$17:$AJ$17))*(1+Settings!$B$7)) -> 239.1 | F20: =IF(OR('DigiKey Order'!$L$17<>"Y",(MAX(0,'DigiKey Order'!$F$17*F$4+'DigiKey Order'!$H$17*F$5-'DigiKey Order'!$K$17)+'DigiKey Order'!$M$17)<=0),0,(MAX(0,'DigiKey Order'!$F$17*F$4+'DigiKey Order'!$H$17*F$5-'DigiKey Order'!$K$17)+'DigiKey Order'!$M$17)*IF('DigiKey Order'!$P$17<>"",'DigiKey Order'!$P$17,LOOKUP((MAX(0,'DigiKey Order'!$F$17*F$4+'DigiKey Order'!$H$17*F$5-'DigiKey Order'!$K$17)+'DigiKey Order'!$M$17),'DigiKey Order'!$U$17:$AB$17,'DigiKey Order'!$AC$17:$AJ$17))*(1+Settings!$B$7)) -> 298.875 | G20: =IF(OR('DigiKey Order'!$L$17<>"Y",(MAX(0,'DigiKey Order'!$F$17*G$4+'DigiKey Order'!$H$17*G$5-'DigiKey Order'!$K$17)+'DigiKey Order'!$M$17)<=0),0,(MAX(0,'DigiKey Order'!$F$17*G$4+'DigiKey Order'!$H$17*G$5-'DigiKey Order'!$K$17)+'DigiKey Order'!$M$17)*IF('DigiKey Order'!$P$17<>"",'DigiKey Order'!$P$17,LOOKUP((MAX(0,'DigiKey Order'!$F$17*G$4+'DigiKey Order'!$H$17*G$5-'DigiKey Order'!$K$17)+'DigiKey Order'!$M$17),'DigiKey Order'!$U$17:$AB$17,'DigiKey Order'!$AC$17:$AJ$17))*(1+Settings!$B$7)) -> 119.55 | H20: =IF(OR('DigiKey Order'!$L$17<>"Y",(MAX(0,'DigiKey Order'!$F$17*H$4+'DigiKey Order'!$H$17*H$5-'DigiKey Order'!$K$17)+'DigiKey Order'!$M$17)<=0),0,(MAX(0,'DigiKey Order'!$F$17*H$4+'DigiKey Order'!$H$17*H$5-'DigiKey Order'!$K$17)+'DigiKey Order'!$M$17)*IF('DigiKey Order'!$P$17<>"",'DigiKey Order'!$P$17,LOOKUP((MAX(0,'DigiKey Order'!$F$17*H$4+'DigiKey Order'!$H$17*H$5-'DigiKey Order'!$K$17)+'DigiKey Order'!$M$17),'DigiKey Order'!$U$17:$AB$17,'DigiKey Order'!$AC$17:$AJ$17))*(1+Settings!$B$7)) -> 179.325 | I20: =IF(OR('DigiKey Order'!$L$17<>"Y",(MAX(0,'DigiKey Order'!$F$17*I$4+'DigiKey Order'!$H$17*I$5-'DigiKey Order'!$K$17)+'DigiKey Order'!$M$17)<=0),0,(MAX(0,'DigiKey Order'!$F$17*I$4+'DigiKey Order'!$H$17*I$5-'DigiKey Order'!$K$17)+'DigiKey Order'!$M$17)*IF('DigiKey Order'!$P$17<>"",'DigiKey Order'!$P$17,LOOKUP((MAX(0,'DigiKey Order'!$F$17*I$4+'DigiKey Order'!$H$17*I$5-'DigiKey Order'!$K$17)+'DigiKey Order'!$M$17),'DigiKey Order'!$U$17:$AB$17,'DigiKey Order'!$AC$17:$AJ$17))*(1+Settings!$B$7)) -> 239.1 | J20: =IF(OR('DigiKey Order'!$L$17<>"Y",(MAX(0,'DigiKey Order'!$F$17*J$4+'DigiKey Order'!$H$17*J$5-'DigiKey Order'!$K$17)+'DigiKey Order'!$M$17)<=0),0,(MAX(0,'DigiKey Order'!$F$17*J$4+'DigiKey Order'!$H$17*J$5-'DigiKey Order'!$K$17)+'DigiKey Order'!$M$17)*IF('DigiKey Order'!$P$17<>"",'DigiKey Order'!$P$17,LOOKUP((MAX(0,'DigiKey Order'!$F$17*J$4+'DigiKey Order'!$H$17*J$5-'DigiKey Order'!$K$17)+'DigiKey Order'!$M$17),'DigiKey Order'!$U$17:$AB$17,'DigiKey Order'!$AC$17:$AJ$17))*(1+Settings!$B$7)) -> 298.875
A21: ='DigiKey Order'!A18 -> 497-5235-1-ND | B21: ='DigiKey Order'!D18 -> TVS DIODE 5V SOT23-6 (USB ESD) | C21: =IF(OR('DigiKey Order'!$L$18<>"Y",(MAX(0,'DigiKey Order'!$F$18*C$4+'DigiKey Order'!$H$18*C$5-'DigiKey Order'!$K$18)+'DigiKey Order'!$M$18)<=0),0,(MAX(0,'DigiKey Order'!$F$18*C$4+'DigiKey Order'!$H$18*C$5-'DigiKey Order'!$K$18)+'DigiKey Order'!$M$18)*IF('DigiKey Order'!$P$18<>"",'DigiKey Order'!$P$18,LOOKUP((MAX(0,'DigiKey Order'!$F$18*C$4+'DigiKey Order'!$H$18*C$5-'DigiKey Order'!$K$18)+'DigiKey Order'!$M$18),'DigiKey Order'!$U$18:$AB$18,'DigiKey Order'!$AC$18:$AJ$18))*(1+Settings!$B$7)) -> 0 | D21: =IF(OR('DigiKey Order'!$L$18<>"Y",(MAX(0,'DigiKey Order'!$F$18*D$4+'DigiKey Order'!$H$18*D$5-'DigiKey Order'!$K$18)+'DigiKey Order'!$M$18)<=0),0,(MAX(0,'DigiKey Order'!$F$18*D$4+'DigiKey Order'!$H$18*D$5-'DigiKey Order'!$K$18)+'DigiKey Order'!$M$18)*IF('DigiKey Order'!$P$18<>"",'DigiKey Order'!$P$18,LOOKUP((MAX(0,'DigiKey Order'!$F$18*D$4+'DigiKey Order'!$H$18*D$5-'DigiKey Order'!$K$18)+'DigiKey Order'!$M$18),'DigiKey Order'!$U$18:$AB$18,'DigiKey Order'!$AC$18:$AJ$18))*(1+Settings!$B$7)) -> 0 | E21: =IF(OR('DigiKey Order'!$L$18<>"Y",(MAX(0,'DigiKey Order'!$F$18*E$4+'DigiKey Order'!$H$18*E$5-'DigiKey Order'!$K$18)+'DigiKey Order'!$M$18)<=0),0,(MAX(0,'DigiKey Order'!$F$18*E$4+'DigiKey Order'!$H$18*E$5-'DigiKey Order'!$K$18)+'DigiKey Order'!$M$18)*IF('DigiKey Order'!$P$18<>"",'DigiKey Order'!$P$18,LOOKUP((MAX(0,'DigiKey Order'!$F$18*E$4+'DigiKey Order'!$H$18*E$5-'DigiKey Order'!$K$18)+'DigiKey Order'!$M$18),'DigiKey Order'!$U$18:$AB$18,'DigiKey Order'!$AC$18:$AJ$18))*(1+Settings!$B$7)) -> 0 | F21: =IF(OR('DigiKey Order'!$L$18<>"Y",(MAX(0,'DigiKey Order'!$F$18*F$4+'DigiKey Order'!$H$18*F$5-'DigiKey Order'!$K$18)+'DigiKey Order'!$M$18)<=0),0,(MAX(0,'DigiKey Order'!$F$18*F$4+'DigiKey Order'!$H$18*F$5-'DigiKey Order'!$K$18)+'DigiKey Order'!$M$18)*IF('DigiKey Order'!$P$18<>"",'DigiKey Order'!$P$18,LOOKUP((MAX(0,'DigiKey Order'!$F$18*F$4+'DigiKey Order'!$H$18*F$5-'DigiKey Order'!$K$18)+'DigiKey Order'!$M$18),'DigiKey Order'!$U$18:$AB$18,'DigiKey Order'!$AC$18:$AJ$18))*(1+Settings!$B$7)) -> 0 | G21: =IF(OR('DigiKey Order'!$L$18<>"Y",(MAX(0,'DigiKey Order'!$F$18*G$4+'DigiKey Order'!$H$18*G$5-'DigiKey Order'!$K$18)+'DigiKey Order'!$M$18)<=0),0,(MAX(0,'DigiKey Order'!$F$18*G$4+'DigiKey Order'!$H$18*G$5-'DigiKey Order'!$K$18)+'DigiKey Order'!$M$18)*IF('DigiKey Order'!$P$18<>"",'DigiKey Order'!$P$18,LOOKUP((MAX(0,'DigiKey Order'!$F$18*G$4+'DigiKey Order'!$H$18*G$5-'DigiKey Order'!$K$18)+'DigiKey Order'!$M$18),'DigiKey Order'!$U$18:$AB$18,'DigiKey Order'!$AC$18:$AJ$18))*(1+Settings!$B$7)) -> 0 | H21: =IF(OR('DigiKey Order'!$L$18<>"Y",(MAX(0,'DigiKey Order'!$F$18*H$4+'DigiKey Order'!$H$18*H$5-'DigiKey Order'!$K$18)+'DigiKey Order'!$M$18)<=0),0,(MAX(0,'DigiKey Order'!$F$18*H$4+'DigiKey Order'!$H$18*H$5-'DigiKey Order'!$K$18)+'DigiKey Order'!$M$18)*IF('DigiKey Order'!$P$18<>"",'DigiKey Order'!$P$18,LOOKUP((MAX(0,'DigiKey Order'!$F$18*H$4+'DigiKey Order'!$H$18*H$5-'DigiKey Order'!$K$18)+'DigiKey Order'!$M$18),'DigiKey Order'!$U$18:$AB$18,'DigiKey Order'!$AC$18:$AJ$18))*(1+Settings!$B$7)) -> 0 | I21: =IF(OR('DigiKey Order'!$L$18<>"Y",(MAX(0,'DigiKey Order'!$F$18*I$4+'DigiKey Order'!$H$18*I$5-'DigiKey Order'!$K$18)+'DigiKey Order'!$M$18)<=0),0,(MAX(0,'DigiKey Order'!$F$18*I$4+'DigiKey Order'!$H$18*I$5-'DigiKey Order'!$K$18)+'DigiKey Order'!$M$18)*IF('DigiKey Order'!$P$18<>"",'DigiKey Order'!$P$18,LOOKUP((MAX(0,'DigiKey Order'!$F$18*I$4+'DigiKey Order'!$H$18*I$5-'DigiKey Order'!$K$18)+'DigiKey Order'!$M$18),'DigiKey Order'!$U$18:$AB$18,'DigiKey Order'!$AC$18:$AJ$18))*(1+Settings!$B$7)) -> 0 | J21: =IF(OR('DigiKey Order'!$L$18<>"Y",(MAX(0,'DigiKey Order'!$F$18*J$4+'DigiKey Order'!$H$18*J$5-'DigiKey Order'!$K$18)+'DigiKey Order'!$M$18)<=0),0,(MAX(0,'DigiKey Order'!$F$18*J$4+'DigiKey Order'!$H$18*J$5-'DigiKey Order'!$K$18)+'DigiKey Order'!$M$18)*IF('DigiKey Order'!$P$18<>"",'DigiKey Order'!$P$18,LOOKUP((MAX(0,'DigiKey Order'!$F$18*J$4+'DigiKey Order'!$H$18*J$5-'DigiKey Order'!$K$18)+'DigiKey Order'!$M$18),'DigiKey Order'!$U$18:$AB$18,'DigiKey Order'!$AC$18:$AJ$18))*(1+Settings!$B$7)) -> 0
A22: ='DigiKey Order'!A19 -> 296-25222-1-ND | B22: ='DigiKey Order'!D19 -> IC USB SWITCH DUAL 1X2 10UQFN | C22: =IF(OR('DigiKey Order'!$L$19<>"Y",(MAX(0,'DigiKey Order'!$F$19*C$4+'DigiKey Order'!$H$19*C$5-'DigiKey Order'!$K$19)+'DigiKey Order'!$M$19)<=0),0,(MAX(0,'DigiKey Order'!$F$19*C$4+'DigiKey Order'!$H$19*C$5-'DigiKey Order'!$K$19)+'DigiKey Order'!$M$19)*IF('DigiKey Order'!$P$19<>"",'DigiKey Order'!$P$19,LOOKUP((MAX(0,'DigiKey Order'!$F$19*C$4+'DigiKey Order'!$H$19*C$5-'DigiKey Order'!$K$19)+'DigiKey Order'!$M$19),'DigiKey Order'!$U$19:$AB$19,'DigiKey Order'!$AC$19:$AJ$19))*(1+Settings!$B$7)) -> 26.775 | D22: =IF(OR('DigiKey Order'!$L$19<>"Y",(MAX(0,'DigiKey Order'!$F$19*D$4+'DigiKey Order'!$H$19*D$5-'DigiKey Order'!$K$19)+'DigiKey Order'!$M$19)<=0),0,(MAX(0,'DigiKey Order'!$F$19*D$4+'DigiKey Order'!$H$19*D$5-'DigiKey Order'!$K$19)+'DigiKey Order'!$M$19)*IF('DigiKey Order'!$P$19<>"",'DigiKey Order'!$P$19,LOOKUP((MAX(0,'DigiKey Order'!$F$19*D$4+'DigiKey Order'!$H$19*D$5-'DigiKey Order'!$K$19)+'DigiKey Order'!$M$19),'DigiKey Order'!$U$19:$AB$19,'DigiKey Order'!$AC$19:$AJ$19))*(1+Settings!$B$7)) -> 26.775 | E22: =IF(OR('DigiKey Order'!$L$19<>"Y",(MAX(0,'DigiKey Order'!$F$19*E$4+'DigiKey Order'!$H$19*E$5-'DigiKey Order'!$K$19)+'DigiKey Order'!$M$19)<=0),0,(MAX(0,'DigiKey Order'!$F$19*E$4+'DigiKey Order'!$H$19*E$5-'DigiKey Order'!$K$19)+'DigiKey Order'!$M$19)*IF('DigiKey Order'!$P$19<>"",'DigiKey Order'!$P$19,LOOKUP((MAX(0,'DigiKey Order'!$F$19*E$4+'DigiKey Order'!$H$19*E$5-'DigiKey Order'!$K$19)+'DigiKey Order'!$M$19),'DigiKey Order'!$U$19:$AB$19,'DigiKey Order'!$AC$19:$AJ$19))*(1+Settings!$B$7)) -> 26.775 | F22: =IF(OR('DigiKey Order'!$L$19<>"Y",(MAX(0,'DigiKey Order'!$F$19*F$4+'DigiKey Order'!$H$19*F$5-'DigiKey Order'!$K$19)+'DigiKey Order'!$M$19)<=0),0,(MAX(0,'DigiKey Order'!$F$19*F$4+'DigiKey Order'!$H$19*F$5-'DigiKey Order'!$K$19)+'DigiKey Order'!$M$19)*IF('DigiKey Order'!$P$19<>"",'DigiKey Order'!$P$19,LOOKUP((MAX(0,'DigiKey Order'!$F$19*F$4+'DigiKey Order'!$H$19*F$5-'DigiKey Order'!$K$19)+'DigiKey Order'!$M$19),'DigiKey Order'!$U$19:$AB$19,'DigiKey Order'!$AC$19:$AJ$19))*(1+Settings!$B$7)) -> 26.775 | G22: =IF(OR('DigiKey Order'!$L$19<>"Y",(MAX(0,'DigiKey Order'!$F$19*G$4+'DigiKey Order'!$H$19*G$5-'DigiKey Order'!$K$19)+'DigiKey Order'!$M$19)<=0),0,(MAX(0,'DigiKey Order'!$F$19*G$4+'DigiKey Order'!$H$19*G$5-'DigiKey Order'!$K$19)+'DigiKey Order'!$M$19)*IF('DigiKey Order'!$P$19<>"",'DigiKey Order'!$P$19,LOOKUP((MAX(0,'DigiKey Order'!$F$19*G$4+'DigiKey Order'!$H$19*G$5-'DigiKey Order'!$K$19)+'DigiKey Order'!$M$19),'DigiKey Order'!$U$19:$AB$19,'DigiKey Order'!$AC$19:$AJ$19))*(1+Settings!$B$7)) -> 35.7 | H22: =IF(OR('DigiKey Order'!$L$19<>"Y",(MAX(0,'DigiKey Order'!$F$19*H$4+'DigiKey Order'!$H$19*H$5-'DigiKey Order'!$K$19)+'DigiKey Order'!$M$19)<=0),0,(MAX(0,'DigiKey Order'!$F$19*H$4+'DigiKey Order'!$H$19*H$5-'DigiKey Order'!$K$19)+'DigiKey Order'!$M$19)*IF('DigiKey Order'!$P$19<>"",'DigiKey Order'!$P$19,LOOKUP((MAX(0,'DigiKey Order'!$F$19*H$4+'DigiKey Order'!$H$19*H$5-'DigiKey Order'!$K$19)+'DigiKey Order'!$M$19),'DigiKey Order'!$U$19:$AB$19,'DigiKey Order'!$AC$19:$AJ$19))*(1+Settings!$B$7)) -> 35.7 | I22: =IF(OR('DigiKey Order'!$L$19<>"Y",(MAX(0,'DigiKey Order'!$F$19*I$4+'DigiKey Order'!$H$19*I$5-'DigiKey Order'!$K$19)+'DigiKey Order'!$M$19)<=0),0,(MAX(0,'DigiKey Order'!$F$19*I$4+'DigiKey Order'!$H$19*I$5-'DigiKey Order'!$K$19)+'DigiKey Order'!$M$19)*IF('DigiKey Order'!$P$19<>"",'DigiKey Order'!$P$19,LOOKUP((MAX(0,'DigiKey Order'!$F$19*I$4+'DigiKey Order'!$H$19*I$5-'DigiKey Order'!$K$19)+'DigiKey Order'!$M$19),'DigiKey Order'!$U$19:$AB$19,'DigiKey Order'!$AC$19:$AJ$19))*(1+Settings!$B$7)) -> 35.7 | J22: =IF(OR('DigiKey Order'!$L$19<>"Y",(MAX(0,'DigiKey Order'!$F$19*J$4+'DigiKey Order'!$H$19*J$5-'DigiKey Order'!$K$19)+'DigiKey Order'!$M$19)<=0),0,(MAX(0,'DigiKey Order'!$F$19*J$4+'DigiKey Order'!$H$19*J$5-'DigiKey Order'!$K$19)+'DigiKey Order'!$M$19)*IF('DigiKey Order'!$P$19<>"",'DigiKey Order'!$P$19,LOOKUP((MAX(0,'DigiKey Order'!$F$19*J$4+'DigiKey Order'!$H$19*J$5-'DigiKey Order'!$K$19)+'DigiKey Order'!$M$19),'DigiKey Order'!$U$19:$AB$19,'DigiKey Order'!$AC$19:$AJ$19))*(1+Settings!$B$7)) -> 35.7
A23: ='DigiKey Order'!A20 -> USB2514BT/M2CT-ND | B23: ='DigiKey Order'!D20 -> IC HUB CTLR 4PORT USB 2.0 HS 36SQFN | C23: =IF(OR('DigiKey Order'!$L$20<>"Y",(MAX(0,'DigiKey Order'!$F$20*C$4+'DigiKey Order'!$H$20*C$5-'DigiKey Order'!$K$20)+'DigiKey Order'!$M$20)<=0),0,(MAX(0,'DigiKey Order'!$F$20*C$4+'DigiKey Order'!$H$20*C$5-'DigiKey Order'!$K$20)+'DigiKey Order'!$M$20)*IF('DigiKey Order'!$P$20<>"",'DigiKey Order'!$P$20,LOOKUP((MAX(0,'DigiKey Order'!$F$20*C$4+'DigiKey Order'!$H$20*C$5-'DigiKey Order'!$K$20)+'DigiKey Order'!$M$20),'DigiKey Order'!$U$20:$AB$20,'DigiKey Order'!$AC$20:$AJ$20))*(1+Settings!$B$7)) -> 20.3 | D23: =IF(OR('DigiKey Order'!$L$20<>"Y",(MAX(0,'DigiKey Order'!$F$20*D$4+'DigiKey Order'!$H$20*D$5-'DigiKey Order'!$K$20)+'DigiKey Order'!$M$20)<=0),0,(MAX(0,'DigiKey Order'!$F$20*D$4+'DigiKey Order'!$H$20*D$5-'DigiKey Order'!$K$20)+'DigiKey Order'!$M$20)*IF('DigiKey Order'!$P$20<>"",'DigiKey Order'!$P$20,LOOKUP((MAX(0,'DigiKey Order'!$F$20*D$4+'DigiKey Order'!$H$20*D$5-'DigiKey Order'!$K$20)+'DigiKey Order'!$M$20),'DigiKey Order'!$U$20:$AB$20,'DigiKey Order'!$AC$20:$AJ$20))*(1+Settings!$B$7)) -> 20.3 | E23: =IF(OR('DigiKey Order'!$L$20<>"Y",(MAX(0,'DigiKey Order'!$F$20*E$4+'DigiKey Order'!$H$20*E$5-'DigiKey Order'!$K$20)+'DigiKey Order'!$M$20)<=0),0,(MAX(0,'DigiKey Order'!$F$20*E$4+'DigiKey Order'!$H$20*E$5-'DigiKey Order'!$K$20)+'DigiKey Order'!$M$20)*IF('DigiKey Order'!$P$20<>"",'DigiKey Order'!$P$20,LOOKUP((MAX(0,'DigiKey Order'!$F$20*E$4+'DigiKey Order'!$H$20*E$5-'DigiKey Order'!$K$20)+'DigiKey Order'!$M$20),'DigiKey Order'!$U$20:$AB$20,'DigiKey Order'!$AC$20:$AJ$20))*(1+Settings!$B$7)) -> 20.3 | F23: =IF(OR('DigiKey Order'!$L$20<>"Y",(MAX(0,'DigiKey Order'!$F$20*F$4+'DigiKey Order'!$H$20*F$5-'DigiKey Order'!$K$20)+'DigiKey Order'!$M$20)<=0),0,(MAX(0,'DigiKey Order'!$F$20*F$4+'DigiKey Order'!$H$20*F$5-'DigiKey Order'!$K$20)+'DigiKey Order'!$M$20)*IF('DigiKey Order'!$P$20<>"",'DigiKey Order'!$P$20,LOOKUP((MAX(0,'DigiKey Order'!$F$20*F$4+'DigiKey Order'!$H$20*F$5-'DigiKey Order'!$K$20)+'DigiKey Order'!$M$20),'DigiKey Order'!$U$20:$AB$20,'DigiKey Order'!$AC$20:$AJ$20))*(1+Settings!$B$7)) -> 20.3 | G23: =IF(OR('DigiKey Order'!$L$20<>"Y",(MAX(0,'DigiKey Order'!$F$20*G$4+'DigiKey Order'!$H$20*G$5-'DigiKey Order'!$K$20)+'DigiKey Order'!$M$20)<=0),0,(MAX(0,'DigiKey Order'!$F$20*G$4+'DigiKey Order'!$H$20*G$5-'DigiKey Order'!$K$20)+'DigiKey Order'!$M$20)*IF('DigiKey Order'!$P$20<>"",'DigiKey Order'!$P$20,LOOKUP((MAX(0,'DigiKey Order'!$F$20*G$4+'DigiKey Order'!$H$20*G$5-'DigiKey Order'!$K$20)+'DigiKey Order'!$M$20),'DigiKey Order'!$U$20:$AB$20,'DigiKey Order'!$AC$20:$AJ$20))*(1+Settings!$B$7)) -> 40.6 | H23: =IF(OR('DigiKey Order'!$L$20<>"Y",(MAX(0,'DigiKey Order'!$F$20*H$4+'DigiKey Order'!$H$20*H$5-'DigiKey Order'!$K$20)+'DigiKey Order'!$M$20)<=0),0,(MAX(0,'DigiKey Order'!$F$20*H$4+'DigiKey Order'!$H$20*H$5-'DigiKey Order'!$K$20)+'DigiKey Order'!$M$20)*IF('DigiKey Order'!$P$20<>"",'DigiKey Order'!$P$20,LOOKUP((MAX(0,'DigiKey Order'!$F$20*H$4+'DigiKey Order'!$H$20*H$5-'DigiKey Order'!$K$20)+'DigiKey Order'!$M$20),'DigiKey Order'!$U$20:$AB$20,'DigiKey Order'!$AC$20:$AJ$20))*(1+Settings!$B$7)) -> 40.6 | I23: =IF(OR('DigiKey Order'!$L$20<>"Y",(MAX(0,'DigiKey Order'!$F$20*I$4+'DigiKey Order'!$H$20*I$5-'DigiKey Order'!$K$20)+'DigiKey Order'!$M$20)<=0),0,(MAX(0,'DigiKey Order'!$F$20*I$4+'DigiKey Order'!$H$20*I$5-'DigiKey Order'!$K$20)+'DigiKey Order'!$M$20)*IF('DigiKey Order'!$P$20<>"",'DigiKey Order'!$P$20,LOOKUP((MAX(0,'DigiKey Order'!$F$20*I$4+'DigiKey Order'!$H$20*I$5-'DigiKey Order'!$K$20)+'DigiKey Order'!$M$20),'DigiKey Order'!$U$20:$AB$20,'DigiKey Order'!$AC$20:$AJ$20))*(1+Settings!$B$7)) -> 40.6 | J23: =IF(OR('DigiKey Order'!$L$20<>"Y",(MAX(0,'DigiKey Order'!$F$20*J$4+'DigiKey Order'!$H$20*J$5-'DigiKey Order'!$K$20)+'DigiKey Order'!$M$20)<=0),0,(MAX(0,'DigiKey Order'!$F$20*J$4+'DigiKey Order'!$H$20*J$5-'DigiKey Order'!$K$20)+'DigiKey Order'!$M$20)*IF('DigiKey Order'!$P$20<>"",'DigiKey Order'!$P$20,LOOKUP((MAX(0,'DigiKey Order'!$F$20*J$4+'DigiKey Order'!$H$20*J$5-'DigiKey Order'!$K$20)+'DigiKey Order'!$M$20),'DigiKey Order'!$U$20:$AB$20,'DigiKey Order'!$AC$20:$AJ$20))*(1+Settings!$B$7)) -> 40.6
A24: ='DigiKey Order'!A21 -> SER3634CT-ND | B24: ='DigiKey Order'!D21 -> CRYSTAL 24.0000MHZ 9PF SMD | C24: =IF(OR('DigiKey Order'!$L$21<>"Y",(MAX(0,'DigiKey Order'!$F$21*C$4+'DigiKey Order'!$H$21*C$5-'DigiKey Order'!$K$21)+'DigiKey Order'!$M$21)<=0),0,(MAX(0,'DigiKey Order'!$F$21*C$4+'DigiKey Order'!$H$21*C$5-'DigiKey Order'!$K$21)+'DigiKey Order'!$M$21)*IF('DigiKey Order'!$P$21<>"",'DigiKey Order'!$P$21,LOOKUP((MAX(0,'DigiKey Order'!$F$21*C$4+'DigiKey Order'!$H$21*C$5-'DigiKey Order'!$K$21)+'DigiKey Order'!$M$21),'DigiKey Order'!$U$21:$AB$21,'DigiKey Order'!$AC$21:$AJ$21))*(1+Settings!$B$7)) -> 6.7125 | D24: =IF(OR('DigiKey Order'!$L$21<>"Y",(MAX(0,'DigiKey Order'!$F$21*D$4+'DigiKey Order'!$H$21*D$5-'DigiKey Order'!$K$21)+'DigiKey Order'!$M$21)<=0),0,(MAX(0,'DigiKey Order'!$F$21*D$4+'DigiKey Order'!$H$21*D$5-'DigiKey Order'!$K$21)+'DigiKey Order'!$M$21)*IF('DigiKey Order'!$P$21<>"",'DigiKey Order'!$P$21,LOOKUP((MAX(0,'DigiKey Order'!$F$21*D$4+'DigiKey Order'!$H$21*D$5-'DigiKey Order'!$K$21)+'DigiKey Order'!$M$21),'DigiKey Order'!$U$21:$AB$21,'DigiKey Order'!$AC$21:$AJ$21))*(1+Settings!$B$7)) -> 6.7125 | E24: =IF(OR('DigiKey Order'!$L$21<>"Y",(MAX(0,'DigiKey Order'!$F$21*E$4+'DigiKey Order'!$H$21*E$5-'DigiKey Order'!$K$21)+'DigiKey Order'!$M$21)<=0),0,(MAX(0,'DigiKey Order'!$F$21*E$4+'DigiKey Order'!$H$21*E$5-'DigiKey Order'!$K$21)+'DigiKey Order'!$M$21)*IF('DigiKey Order'!$P$21<>"",'DigiKey Order'!$P$21,LOOKUP((MAX(0,'DigiKey Order'!$F$21*E$4+'DigiKey Order'!$H$21*E$5-'DigiKey Order'!$K$21)+'DigiKey Order'!$M$21),'DigiKey Order'!$U$21:$AB$21,'DigiKey Order'!$AC$21:$AJ$21))*(1+Settings!$B$7)) -> 6.7125 | F24: =IF(OR('DigiKey Order'!$L$21<>"Y",(MAX(0,'DigiKey Order'!$F$21*F$4+'DigiKey Order'!$H$21*F$5-'DigiKey Order'!$K$21)+'DigiKey Order'!$M$21)<=0),0,(MAX(0,'DigiKey Order'!$F$21*F$4+'DigiKey Order'!$H$21*F$5-'DigiKey Order'!$K$21)+'DigiKey Order'!$M$21)*IF('DigiKey Order'!$P$21<>"",'DigiKey Order'!$P$21,LOOKUP((MAX(0,'DigiKey Order'!$F$21*F$4+'DigiKey Order'!$H$21*F$5-'DigiKey Order'!$K$21)+'DigiKey Order'!$M$21),'DigiKey Order'!$U$21:$AB$21,'DigiKey Order'!$AC$21:$AJ$21))*(1+Settings!$B$7)) -> 6.7125 | G24: =IF(OR('DigiKey Order'!$L$21<>"Y",(MAX(0,'DigiKey Order'!$F$21*G$4+'DigiKey Order'!$H$21*G$5-'DigiKey Order'!$K$21)+'DigiKey Order'!$M$21)<=0),0,(MAX(0,'DigiKey Order'!$F$21*G$4+'DigiKey Order'!$H$21*G$5-'DigiKey Order'!$K$21)+'DigiKey Order'!$M$21)*IF('DigiKey Order'!$P$21<>"",'DigiKey Order'!$P$21,LOOKUP((MAX(0,'DigiKey Order'!$F$21*G$4+'DigiKey Order'!$H$21*G$5-'DigiKey Order'!$K$21)+'DigiKey Order'!$M$21),'DigiKey Order'!$U$21:$AB$21,'DigiKey Order'!$AC$21:$AJ$21))*(1+Settings!$B$7)) -> 13.425 | H24: =IF(OR('DigiKey Order'!$L$21<>"Y",(MAX(0,'DigiKey Order'!$F$21*H$4+'DigiKey Order'!$H$21*H$5-'DigiKey Order'!$K$21)+'DigiKey Order'!$M$21)<=0),0,(MAX(0,'DigiKey Order'!$F$21*H$4+'DigiKey Order'!$H$21*H$5-'DigiKey Order'!$K$21)+'DigiKey Order'!$M$21)*IF('DigiKey Order'!$P$21<>"",'DigiKey Order'!$P$21,LOOKUP((MAX(0,'DigiKey Order'!$F$21*H$4+'DigiKey Order'!$H$21*H$5-'DigiKey Order'!$K$21)+'DigiKey Order'!$M$21),'DigiKey Order'!$U$21:$AB$21,'DigiKey Order'!$AC$21:$AJ$21))*(1+Settings!$B$7)) -> 13.425 | I24: =IF(OR('DigiKey Order'!$L$21<>"Y",(MAX(0,'DigiKey Order'!$F$21*I$4+'DigiKey Order'!$H$21*I$5-'DigiKey Order'!$K$21)+'DigiKey Order'!$M$21)<=0),0,(MAX(0,'DigiKey Order'!$F$21*I$4+'DigiKey Order'!$H$21*I$5-'DigiKey Order'!$K$21)+'DigiKey Order'!$M$21)*IF('DigiKey Order'!$P$21<>"",'DigiKey Order'!$P$21,LOOKUP((MAX(0,'DigiKey Order'!$F$21*I$4+'DigiKey Order'!$H$21*I$5-'DigiKey Order'!$K$21)+'DigiKey Order'!$M$21),'DigiKey Order'!$U$21:$AB$21,'DigiKey Order'!$AC$21:$AJ$21))*(1+Settings!$B$7)) -> 13.425 | J24: =IF(OR('DigiKey Order'!$L$21<>"Y",(MAX(0,'DigiKey Order'!$F$21*J$4+'DigiKey Order'!$H$21*J$5-'DigiKey Order'!$K$21)+'DigiKey Order'!$M$21)<=0),0,(MAX(0,'DigiKey Order'!$F$21*J$4+'DigiKey Order'!$H$21*J$5-'DigiKey Order'!$K$21)+'DigiKey Order'!$M$21)*IF('DigiKey Order'!$P$21<>"",'DigiKey Order'!$P$21,LOOKUP((MAX(0,'DigiKey Order'!$F$21*J$4+'DigiKey Order'!$H$21*J$5-'DigiKey Order'!$K$21)+'DigiKey Order'!$M$21),'DigiKey Order'!$U$21:$AB$21,'DigiKey Order'!$AC$21:$AJ$21))*(1+Settings!$B$7)) -> 13.425
A25: ='DigiKey Order'!A22 -> 50-ECS-80-18-33-JGN-CT-ND | B25: ='DigiKey Order'!D22 -> CRYSTAL 8.0000MHZ 18PF SMD | C25: =IF(OR('DigiKey Order'!$L$22<>"Y",(MAX(0,'DigiKey Order'!$F$22*C$4+'DigiKey Order'!$H$22*C$5-'DigiKey Order'!$K$22)+'DigiKey Order'!$M$22)<=0),0,(MAX(0,'DigiKey Order'!$F$22*C$4+'DigiKey Order'!$H$22*C$5-'DigiKey Order'!$K$22)+'DigiKey Order'!$M$22)*IF('DigiKey Order'!$P$22<>"",'DigiKey Order'!$P$22,LOOKUP((MAX(0,'DigiKey Order'!$F$22*C$4+'DigiKey Order'!$H$22*C$5-'DigiKey Order'!$K$22)+'DigiKey Order'!$M$22),'DigiKey Order'!$U$22:$AB$22,'DigiKey Order'!$AC$22:$AJ$22))*(1+Settings!$B$7)) -> 9.65 | D25: =IF(OR('DigiKey Order'!$L$22<>"Y",(MAX(0,'DigiKey Order'!$F$22*D$4+'DigiKey Order'!$H$22*D$5-'DigiKey Order'!$K$22)+'DigiKey Order'!$M$22)<=0),0,(MAX(0,'DigiKey Order'!$F$22*D$4+'DigiKey Order'!$H$22*D$5-'DigiKey Order'!$K$22)+'DigiKey Order'!$M$22)*IF('DigiKey Order'!$P$22<>"",'DigiKey Order'!$P$22,LOOKUP((MAX(0,'DigiKey Order'!$F$22*D$4+'DigiKey Order'!$H$22*D$5-'DigiKey Order'!$K$22)+'DigiKey Order'!$M$22),'DigiKey Order'!$U$22:$AB$22,'DigiKey Order'!$AC$22:$AJ$22))*(1+Settings!$B$7)) -> 14.475 | E25: =IF(OR('DigiKey Order'!$L$22<>"Y",(MAX(0,'DigiKey Order'!$F$22*E$4+'DigiKey Order'!$H$22*E$5-'DigiKey Order'!$K$22)+'DigiKey Order'!$M$22)<=0),0,(MAX(0,'DigiKey Order'!$F$22*E$4+'DigiKey Order'!$H$22*E$5-'DigiKey Order'!$K$22)+'DigiKey Order'!$M$22)*IF('DigiKey Order'!$P$22<>"",'DigiKey Order'!$P$22,LOOKUP((MAX(0,'DigiKey Order'!$F$22*E$4+'DigiKey Order'!$H$22*E$5-'DigiKey Order'!$K$22)+'DigiKey Order'!$M$22),'DigiKey Order'!$U$22:$AB$22,'DigiKey Order'!$AC$22:$AJ$22))*(1+Settings!$B$7)) -> 19.3 | F25: =IF(OR('DigiKey Order'!$L$22<>"Y",(MAX(0,'DigiKey Order'!$F$22*F$4+'DigiKey Order'!$H$22*F$5-'DigiKey Order'!$K$22)+'DigiKey Order'!$M$22)<=0),0,(MAX(0,'DigiKey Order'!$F$22*F$4+'DigiKey Order'!$H$22*F$5-'DigiKey Order'!$K$22)+'DigiKey Order'!$M$22)*IF('DigiKey Order'!$P$22<>"",'DigiKey Order'!$P$22,LOOKUP((MAX(0,'DigiKey Order'!$F$22*F$4+'DigiKey Order'!$H$22*F$5-'DigiKey Order'!$K$22)+'DigiKey Order'!$M$22),'DigiKey Order'!$U$22:$AB$22,'DigiKey Order'!$AC$22:$AJ$22))*(1+Settings!$B$7)) -> 24.125 | G25: =IF(OR('DigiKey Order'!$L$22<>"Y",(MAX(0,'DigiKey Order'!$F$22*G$4+'DigiKey Order'!$H$22*G$5-'DigiKey Order'!$K$22)+'DigiKey Order'!$M$22)<=0),0,(MAX(0,'DigiKey Order'!$F$22*G$4+'DigiKey Order'!$H$22*G$5-'DigiKey Order'!$K$22)+'DigiKey Order'!$M$22)*IF('DigiKey Order'!$P$22<>"",'DigiKey Order'!$P$22,LOOKUP((MAX(0,'DigiKey Order'!$F$22*G$4+'DigiKey Order'!$H$22*G$5-'DigiKey Order'!$K$22)+'DigiKey Order'!$M$22),'DigiKey Order'!$U$22:$AB$22,'DigiKey Order'!$AC$22:$AJ$22))*(1+Settings!$B$7)) -> 9.65 | H25: =IF(OR('DigiKey Order'!$L$22<>"Y",(MAX(0,'DigiKey Order'!$F$22*H$4+'DigiKey Order'!$H$22*H$5-'DigiKey Order'!$K$22)+'DigiKey Order'!$M$22)<=0),0,(MAX(0,'DigiKey Order'!$F$22*H$4+'DigiKey Order'!$H$22*H$5-'DigiKey Order'!$K$22)+'DigiKey Order'!$M$22)*IF('DigiKey Order'!$P$22<>"",'DigiKey Order'!$P$22,LOOKUP((MAX(0,'DigiKey Order'!$F$22*H$4+'DigiKey Order'!$H$22*H$5-'DigiKey Order'!$K$22)+'DigiKey Order'!$M$22),'DigiKey Order'!$U$22:$AB$22,'DigiKey Order'!$AC$22:$AJ$22))*(1+Settings!$B$7)) -> 14.475 | I25: =IF(OR('DigiKey Order'!$L$22<>"Y",(MAX(0,'DigiKey Order'!$F$22*I$4+'DigiKey Order'!$H$22*I$5-'DigiKey Order'!$K$22)+'DigiKey Order'!$M$22)<=0),0,(MAX(0,'DigiKey Order'!$F$22*I$4+'DigiKey Order'!$H$22*I$5-'DigiKey Order'!$K$22)+'DigiKey Order'!$M$22)*IF('DigiKey Order'!$P$22<>"",'DigiKey Order'!$P$22,LOOKUP((MAX(0,'DigiKey Order'!$F$22*I$4+'DigiKey Order'!$H$22*I$5-'DigiKey Order'!$K$22)+'DigiKey Order'!$M$22),'DigiKey Order'!$U$22:$AB$22,'DigiKey Order'!$AC$22:$AJ$22))*(1+Settings!$B$7)) -> 19.3 | J25: =IF(OR('DigiKey Order'!$L$22<>"Y",(MAX(0,'DigiKey Order'!$F$22*J$4+'DigiKey Order'!$H$22*J$5-'DigiKey Order'!$K$22)+'DigiKey Order'!$M$22)<=0),0,(MAX(0,'DigiKey Order'!$F$22*J$4+'DigiKey Order'!$H$22*J$5-'DigiKey Order'!$K$22)+'DigiKey Order'!$M$22)*IF('DigiKey Order'!$P$22<>"",'DigiKey Order'!$P$22,LOOKUP((MAX(0,'DigiKey Order'!$F$22*J$4+'DigiKey Order'!$H$22*J$5-'DigiKey Order'!$K$22)+'DigiKey Order'!$M$22),'DigiKey Order'!$U$22:$AB$22,'DigiKey Order'!$AC$22:$AJ$22))*(1+Settings!$B$7)) -> 24.125
A26: ='DigiKey Order'!A23 -> 311-47.0KLRCT-ND | B26: ='DigiKey Order'!D23 -> RES 47K OHM 1% 1/16W 0402 | C26: =IF(OR('DigiKey Order'!$L$23<>"Y",(MAX(0,'DigiKey Order'!$F$23*C$4+'DigiKey Order'!$H$23*C$5-'DigiKey Order'!$K$23)+'DigiKey Order'!$M$23)<=0),0,(MAX(0,'DigiKey Order'!$F$23*C$4+'DigiKey Order'!$H$23*C$5-'DigiKey Order'!$K$23)+'DigiKey Order'!$M$23)*IF('DigiKey Order'!$P$23<>"",'DigiKey Order'!$P$23,LOOKUP((MAX(0,'DigiKey Order'!$F$23*C$4+'DigiKey Order'!$H$23*C$5-'DigiKey Order'!$K$23)+'DigiKey Order'!$M$23),'DigiKey Order'!$U$23:$AB$23,'DigiKey Order'!$AC$23:$AJ$23))*(1+Settings!$B$7)) -> 0 | D26: =IF(OR('DigiKey Order'!$L$23<>"Y",(MAX(0,'DigiKey Order'!$F$23*D$4+'DigiKey Order'!$H$23*D$5-'DigiKey Order'!$K$23)+'DigiKey Order'!$M$23)<=0),0,(MAX(0,'DigiKey Order'!$F$23*D$4+'DigiKey Order'!$H$23*D$5-'DigiKey Order'!$K$23)+'DigiKey Order'!$M$23)*IF('DigiKey Order'!$P$23<>"",'DigiKey Order'!$P$23,LOOKUP((MAX(0,'DigiKey Order'!$F$23*D$4+'DigiKey Order'!$H$23*D$5-'DigiKey Order'!$K$23)+'DigiKey Order'!$M$23),'DigiKey Order'!$U$23:$AB$23,'DigiKey Order'!$AC$23:$AJ$23))*(1+Settings!$B$7)) -> 0 | E26: =IF(OR('DigiKey Order'!$L$23<>"Y",(MAX(0,'DigiKey Order'!$F$23*E$4+'DigiKey Order'!$H$23*E$5-'DigiKey Order'!$K$23)+'DigiKey Order'!$M$23)<=0),0,(MAX(0,'DigiKey Order'!$F$23*E$4+'DigiKey Order'!$H$23*E$5-'DigiKey Order'!$K$23)+'DigiKey Order'!$M$23)*IF('DigiKey Order'!$P$23<>"",'DigiKey Order'!$P$23,LOOKUP((MAX(0,'DigiKey Order'!$F$23*E$4+'DigiKey Order'!$H$23*E$5-'DigiKey Order'!$K$23)+'DigiKey Order'!$M$23),'DigiKey Order'!$U$23:$AB$23,'DigiKey Order'!$AC$23:$AJ$23))*(1+Settings!$B$7)) -> 0 | F26: =IF(OR('DigiKey Order'!$L$23<>"Y",(MAX(0,'DigiKey Order'!$F$23*F$4+'DigiKey Order'!$H$23*F$5-'DigiKey Order'!$K$23)+'DigiKey Order'!$M$23)<=0),0,(MAX(0,'DigiKey Order'!$F$23*F$4+'DigiKey Order'!$H$23*F$5-'DigiKey Order'!$K$23)+'DigiKey Order'!$M$23)*IF('DigiKey Order'!$P$23<>"",'DigiKey Order'!$P$23,LOOKUP((MAX(0,'DigiKey Order'!$F$23*F$4+'DigiKey Order'!$H$23*F$5-'DigiKey Order'!$K$23)+'DigiKey Order'!$M$23),'DigiKey Order'!$U$23:$AB$23,'DigiKey Order'!$AC$23:$AJ$23))*(1+Settings!$B$7)) -> 0 | G26: =IF(OR('DigiKey Order'!$L$23<>"Y",(MAX(0,'DigiKey Order'!$F$23*G$4+'DigiKey Order'!$H$23*G$5-'DigiKey Order'!$K$23)+'DigiKey Order'!$M$23)<=0),0,(MAX(0,'DigiKey Order'!$F$23*G$4+'DigiKey Order'!$H$23*G$5-'DigiKey Order'!$K$23)+'DigiKey Order'!$M$23)*IF('DigiKey Order'!$P$23<>"",'DigiKey Order'!$P$23,LOOKUP((MAX(0,'DigiKey Order'!$F$23*G$4+'DigiKey Order'!$H$23*G$5-'DigiKey Order'!$K$23)+'DigiKey Order'!$M$23),'DigiKey Order'!$U$23:$AB$23,'DigiKey Order'!$AC$23:$AJ$23))*(1+Settings!$B$7)) -> 0 | H26: =IF(OR('DigiKey Order'!$L$23<>"Y",(MAX(0,'DigiKey Order'!$F$23*H$4+'DigiKey Order'!$H$23*H$5-'DigiKey Order'!$K$23)+'DigiKey Order'!$M$23)<=0),0,(MAX(0,'DigiKey Order'!$F$23*H$4+'DigiKey Order'!$H$23*H$5-'DigiKey Order'!$K$23)+'DigiKey Order'!$M$23)*IF('DigiKey Order'!$P$23<>"",'DigiKey Order'!$P$23,LOOKUP((MAX(0,'DigiKey Order'!$F$23*H$4+'DigiKey Order'!$H$23*H$5-'DigiKey Order'!$K$23)+'DigiKey Order'!$M$23),'DigiKey Order'!$U$23:$AB$23,'DigiKey Order'!$AC$23:$AJ$23))*(1+Settings!$B$7)) -> 0 | I26: =IF(OR('DigiKey Order'!$L$23<>"Y",(MAX(0,'DigiKey Order'!$F$23*I$4+'DigiKey Order'!$H$23*I$5-'DigiKey Order'!$K$23)+'DigiKey Order'!$M$23)<=0),0,(MAX(0,'DigiKey Order'!$F$23*I$4+'DigiKey Order'!$H$23*I$5-'DigiKey Order'!$K$23)+'DigiKey Order'!$M$23)*IF('DigiKey Order'!$P$23<>"",'DigiKey Order'!$P$23,LOOKUP((MAX(0,'DigiKey Order'!$F$23*I$4+'DigiKey Order'!$H$23*I$5-'DigiKey Order'!$K$23)+'DigiKey Order'!$M$23),'DigiKey Order'!$U$23:$AB$23,'DigiKey Order'!$AC$23:$AJ$23))*(1+Settings!$B$7)) -> 0 | J26: =IF(OR('DigiKey Order'!$L$23<>"Y",(MAX(0,'DigiKey Order'!$F$23*J$4+'DigiKey Order'!$H$23*J$5-'DigiKey Order'!$K$23)+'DigiKey Order'!$M$23)<=0),0,(MAX(0,'DigiKey Order'!$F$23*J$4+'DigiKey Order'!$H$23*J$5-'DigiKey Order'!$K$23)+'DigiKey Order'!$M$23)*IF('DigiKey Order'!$P$23<>"",'DigiKey Order'!$P$23,LOOKUP((MAX(0,'DigiKey Order'!$F$23*J$4+'DigiKey Order'!$H$23*J$5-'DigiKey Order'!$K$23)+'DigiKey Order'!$M$23),'DigiKey Order'!$U$23:$AB$23,'DigiKey Order'!$AC$23:$AJ$23))*(1+Settings!$B$7)) -> 0
A28: Parts incl. VAT | C28: =SUM(C7:C26) -> 456.32 | D28: =SUM(D7:D26) -> 514.315 | E28: =SUM(E7:E26) -> 581.65875 | F28: =SUM(F7:F26) -> 655.5525 | G28: =SUM(G7:G26) -> 696.6 | H28: =SUM(H7:H26) -> 770.49375 | I28: =SUM(I7:I26) -> 844.3875 | J28: =SUM(J7:J26) -> 918.28125
A29: Order value as DigiKey measures it | C29: =IF(Settings!$B$10="excl. VAT",C28/(1+Settings!$B$7),C28) -> 365.056 | D29: =IF(Settings!$B$10="excl. VAT",D28/(1+Settings!$B$7),D28) -> 411.452 | E29: =IF(Settings!$B$10="excl. VAT",E28/(1+Settings!$B$7),E28) -> 465.327 | F29: =IF(Settings!$B$10="excl. VAT",F28/(1+Settings!$B$7),F28) -> 524.442 | G29: =IF(Settings!$B$10="excl. VAT",G28/(1+Settings!$B$7),G28) -> 557.28 | H29: =IF(Settings!$B$10="excl. VAT",H28/(1+Settings!$B$7),H28) -> 616.395 | I29: =IF(Settings!$B$10="excl. VAT",I28/(1+Settings!$B$7),I28) -> 675.51 | J29: =IF(Settings!$B$10="excl. VAT",J28/(1+Settings!$B$7),J28) -> 734.625
A30: Delivery incl. VAT | C30: =IF(C29>=Settings!$B$9,0,Settings!$B$8*IF(Settings!$B$10="excl. VAT",1+Settings!$B$7,1)) -> 231.25 | D30: =IF(D29>=Settings!$B$9,0,Settings!$B$8*IF(Settings!$B$10="excl. VAT",1+Settings!$B$7,1)) -> 231.25 | E30: =IF(E29>=Settings!$B$9,0,Settings!$B$8*IF(Settings!$B$10="excl. VAT",1+Settings!$B$7,1)) -> 231.25 | F30: =IF(F29>=Settings!$B$9,0,Settings!$B$8*IF(Settings!$B$10="excl. VAT",1+Settings!$B$7,1)) -> 231.25 | G30: =IF(G29>=Settings!$B$9,0,Settings!$B$8*IF(Settings!$B$10="excl. VAT",1+Settings!$B$7,1)) -> 0 | H30: =IF(H29>=Settings!$B$9,0,Settings!$B$8*IF(Settings!$B$10="excl. VAT",1+Settings!$B$7,1)) -> 0 | I30: =IF(I29>=Settings!$B$9,0,Settings!$B$8*IF(Settings!$B$10="excl. VAT",1+Settings!$B$7,1)) -> 0 | J30: =IF(J29>=Settings!$B$9,0,Settings!$B$8*IF(Settings!$B$10="excl. VAT",1+Settings!$B$7,1)) -> 0
A31: TOTAL TO PAY incl. VAT | C31: =C28+C30 -> 687.57 | D31: =D28+D30 -> 745.565 | E31: =E28+E30 -> 812.90875 | F31: =F28+F30 -> 886.8025 | G31: =G28+G30 -> 696.6 | H31: =H28+H30 -> 770.49375 | I31: =I28+I30 -> 844.3875 | J31: =J28+J30 -> 918.28125
A32: Missing to free delivery (incl. VAT) | C32: =MAX(0,Settings!$B$9-C29)*IF(Settings!$B$10="excl. VAT",1+Settings!$B$7,1) -> 231.18 | D32: =MAX(0,Settings!$B$9-D29)*IF(Settings!$B$10="excl. VAT",1+Settings!$B$7,1) -> 173.185 | E32: =MAX(0,Settings!$B$9-E29)*IF(Settings!$B$10="excl. VAT",1+Settings!$B$7,1) -> 105.84125 | F32: =MAX(0,Settings!$B$9-F29)*IF(Settings!$B$10="excl. VAT",1+Settings!$B$7,1) -> 31.9475 | G32: =MAX(0,Settings!$B$9-G29)*IF(Settings!$B$10="excl. VAT",1+Settings!$B$7,1) -> 0 | H32: =MAX(0,Settings!$B$9-H29)*IF(Settings!$B$10="excl. VAT",1+Settings!$B$7,1) -> 0 | I32: =MAX(0,Settings!$B$9-I29)*IF(Settings!$B$10="excl. VAT",1+Settings!$B$7,1) -> 0 | J32: =MAX(0,Settings!$B$9-J29)*IF(Settings!$B$10="excl. VAT",1+Settings!$B$7,1) -> 0
A33: Top up or pay delivery? | C33: =IF(C32=0,"Free",IF(C32<C30,"Top up","Pay delivery")) -> Top up | D33: =IF(D32=0,"Free",IF(D32<D30,"Top up","Pay delivery")) -> Top up | E33: =IF(E32=0,"Free",IF(E32<E30,"Top up","Pay delivery")) -> Top up | F33: =IF(F32=0,"Free",IF(F32<F30,"Top up","Pay delivery")) -> Top up | G33: =IF(G32=0,"Free",IF(G32<G30,"Top up","Pay delivery")) -> Free | H33: =IF(H32=0,"Free",IF(H32<H30,"Top up","Pay delivery")) -> Free | I33: =IF(I32=0,"Free",IF(I32<I30,"Top up","Pay delivery")) -> Free | J33: =IF(J32=0,"Free",IF(J32<J30,"Top up","Pay delivery")) -> Free
A34: Total if topped up to free delivery | C34: =IF(C32=0,C28,C28+C32) -> 687.5 | D34: =IF(D32=0,D28,D28+D32) -> 687.5 | E34: =IF(E32=0,E28,E28+E32) -> 687.5 | F34: =IF(F32=0,F28,F28+F32) -> 687.5 | G34: =IF(G32=0,G28,G28+G32) -> 696.6 | H34: =IF(H32=0,H28,H28+H32) -> 770.49375 | I34: =IF(I32=0,I28,I28+I32) -> 844.3875 | J34: =IF(J32=0,J28,J28+J32) -> 918.28125
A36: - 'Top up' = the amount missing to free delivery is less than the delivery charge, so extra parts (spares / Extra column) cost less than shipping.
A37: - Break-even: with 550/185 excl. VAT, topping up pays off once parts exceed 365 kr excl. VAT (456.25 kr incl. VAT).
A38: - 'Total if topped up' = what you pay if you add parts up to exactly the free-delivery threshold.

Sheet DigiKey Order
A1: DigiKey order - KVM Switch + ST-LINK (board counts from Settings)
U2: DigiKey price breaks (DKK excl. VAT, as listed on digikey.dk) - edit if prices change
A3: DigiKey PN | B3: Manufacturer | C3: MPN | D3: Description | E3: KVM refs | F3: KVM qty/board | G3: ST-LINK refs | H3: ST-LINK qty/board | I3: Stock @ fetch | J3: Needed | K3: Owned | L3: Order? | M3: Extra | N3: Order qty | O3: Unit price excl. VAT (auto) | P3: Price override (excl. VAT) | Q3: Unit price incl. VAT | R3: Line total incl. VAT | S3: Next break: qty / line incl. VAT | U3: Break qty 1 | V3: Break qty 2 | W3: Break qty 3 | X3: Break qty 4 | Y3: Break qty 5 | Z3: Break qty 6 | AA3: Break qty 7 | AB3: Break qty 8 | AC3: Price 1 excl. VAT | AD3: Price 2 excl. VAT | AE3: Price 3 excl. VAT | AF3: Price 4 excl. VAT | AG3: Price 5 excl. VAT | AH3: Price 6 excl. VAT | AI3: Price 7 excl. VAT | AJ3: Price 8 excl. VAT
A4: 490-GRM31CR61A107MEA8LCT-ND | B4: Murata | C4: GRM31CR61A107MEA8L | D4: CAP CER 100UF 10V X5R 1206 | E4: C25 | F4: 1 | H4: 0 | I4: 478,277 | J4: =F4*Settings!$B$5+H4*Settings!$B$6 -> 2 | K4: 0 | L4: N | M4: 0 | N4: =IF(L4="Y",MAX(0,J4-K4)+M4,0) -> 0 | O4: =LOOKUP(MAX(1,N4),$U4:$AB4,$AC4:$AJ4) -> 3.6 | Q4: =IF(P4<>"",P4,O4)*(1+Settings!$B$7) -> 4.5 | R4: =N4*Q4 -> 0 | S4: =IF(N4=0,"",IFERROR(IF(INDEX($U4:$AB4,MATCH(N4,$U4:$AB4,1)+1)="","top break",INDEX($U4:$AB4,MATCH(N4,$U4:$AB4,1)+1)&" pcs = "&TEXT(INDEX($U4:$AB4,MATCH(N4,$U4:$AB4,1)+1)*INDEX($AC4:$AJ4,MATCH(N4,$U4:$AB4,1)+1)*(1+Settings!$B$7),"0.00")&" kr"),"top break")) | U4: 1 | V4: 10 | W4: 50 | X4: 100 | Y4: 500 | AC4: 3.6 | AD4: 2.188 | AE4: 1.631 | AF4: 1.4613 | AG4: 1.17454
A5: 490-5869-1-ND | B5: Murata | C5: GRM1555C1H270JA01D | D5: CAP CER 27PF 50V C0G 0402 | F5: 0 | G5: C1,C2 | H5: 2 | I5: 4,482,233 | J5: =F5*Settings!$B$5+H5*Settings!$B$6 -> 4 | K5: 0 | L5: Y | M5: 6 | N5: =IF(L5="Y",MAX(0,J5-K5)+M5,0) -> 10 | O5: =LOOKUP(MAX(1,N5),$U5:$AB5,$AC5:$AJ5) -> 0.138 | Q5: =IF(P5<>"",P5,O5)*(1+Settings!$B$7) -> 0.1725 | R5: =N5*Q5 -> 1.725 | S5: =IF(N5=0,"",IFERROR(IF(INDEX($U5:$AB5,MATCH(N5,$U5:$AB5,1)+1)="","top break",INDEX($U5:$AB5,MATCH(N5,$U5:$AB5,1)+1)&" pcs = "&TEXT(INDEX($U5:$AB5,MATCH(N5,$U5:$AB5,1)+1)*INDEX($AC5:$AJ5,MATCH(N5,$U5:$AB5,1)+1)*(1+Settings!$B$7),"0.00")&" kr"),"top break")) -> 50 pcs = 5.74 kr | U5: 1 | V5: 10 | W5: 50 | X5: 100 | Y5: 500 | AC5: 0.66 | AD5: 0.138 | AE5: 0.0918 | AF5: 0.0779 | AG5: 0.05398
A6: RMCF0603FT5K10CT-ND | B6: Stackpole | C6: RMCF0603FT5K10 | D6: RES 5.1K OHM 1% 1/10W 0603 | E6: R10,R12,R17,R18,R22,R23 | F6: 6 | G6: R3,R4 | H6: 2 | I6: 145,188 | J6: =F6*Settings!$B$5+H6*Settings!$B$6 -> 16 | K6: 0 | L6: N | M6: 0 | N6: =IF(L6="Y",MAX(0,J6-K6)+M6,0) -> 0 | O6: =LOOKUP(MAX(1,N6),$U6:$AB6,$AC6:$AJ6) -> 0.66 | Q6: =IF(P6<>"",P6,O6)*(1+Settings!$B$7) -> 0.825 | R6: =N6*Q6 -> 0 | S6: =IF(N6=0,"",IFERROR(IF(INDEX($U6:$AB6,MATCH(N6,$U6:$AB6,1)+1)="","top break",INDEX($U6:$AB6,MATCH(N6,$U6:$AB6,1)+1)&" pcs = "&TEXT(INDEX($U6:$AB6,MATCH(N6,$U6:$AB6,1)+1)*INDEX($AC6:$AJ6,MATCH(N6,$U6:$AB6,1)+1)*(1+Settings!$B$7),"0.00")&" kr"),"top break")) | U6: 1 | V6: 10 | W6: 25 | X6: 50 | Y6: 100 | Z6: 250 | AA6: 500 | AB6: 1000 | AC6: 0.66 | AD6: 0.138 | AE6: 0.0996 | AF6: 0.0786 | AG6: 0.0629 | AH6: 0.0482 | AI6: 0.03982 | AJ6: 0.03334
A7: 475-LGQ976.01-MGNI-35-1CT-ND | B7: ams OSRAM | C7: LG Q976.01-MGNI-35-1 | D7: LED GREEN CLEAR 0603 SMD | E7: D1 | F7: 1 | G7: D1 | H7: 1 | I7: 1,110 | J7: =F7*Settings!$B$5+H7*Settings!$B$6 -> 4 | K7: 0 | L7: N | M7: 0 | N7: =IF(L7="Y",MAX(0,J7-K7)+M7,0) -> 0 | O7: =LOOKUP(MAX(1,N7),$U7:$AB7,$AC7:$AJ7) -> 0.92 | Q7: =IF(P7<>"",P7,O7)*(1+Settings!$B$7) -> 1.15 | R7: =N7*Q7 -> 0 | S7: =IF(N7=0,"",IFERROR(IF(INDEX($U7:$AB7,MATCH(N7,$U7:$AB7,1)+1)="","top break",INDEX($U7:$AB7,MATCH(N7,$U7:$AB7,1)+1)&" pcs = "&TEXT(INDEX($U7:$AB7,MATCH(N7,$U7:$AB7,1)+1)*INDEX($AC7:$AJ7,MATCH(N7,$U7:$AB7,1)+1)*(1+Settings!$B$7),"0.00")&" kr"),"top break")) | U7: 1 | V7: 10 | W7: 100 | X7: 500 | Y7: 1000 | Z7: 2000 | AC7: 0.92 | AD7: 0.609 | AE7: 0.4212 | AF7: 0.33274 | AG7: 0.30327 | AH7: 0.27802
A8: 475-LOQ976.01-P2R2-25-1-20-R18CT-ND | B8: ams OSRAM | C8: LO Q976.01-P2R2-25-1-20-R18 | D8: LED ORANGE CLEAR 0603 SMD | F8: 0 | G8: D2 | H8: 1 | I8: 126,647 | J8: =F8*Settings!$B$5+H8*Settings!$B$6 -> 2 | K8: 0 | L8: N | M8: 0 | N8: =IF(L8="Y",MAX(0,J8-K8)+M8,0) -> 0 | O8: =LOOKUP(MAX(1,N8),$U8:$AB8,$AC8:$AJ8) -> 0.92 | Q8: =IF(P8<>"",P8,O8)*(1+Settings!$B$7) -> 1.15 | R8: =N8*Q8 -> 0 | S8: =IF(N8=0,"",IFERROR(IF(INDEX($U8:$AB8,MATCH(N8,$U8:$AB8,1)+1)="","top break",INDEX($U8:$AB8,MATCH(N8,$U8:$AB8,1)+1)&" pcs = "&TEXT(INDEX($U8:$AB8,MATCH(N8,$U8:$AB8,1)+1)*INDEX($AC8:$AJ8,MATCH(N8,$U8:$AB8,1)+1)*(1+Settings!$B$7),"0.00")&" kr"),"top break")) | U8: 1 | V8: 10 | W8: 100 | X8: 500 | Y8: 1000 | Z8: 2000 | AC8: 0.92 | AD8: 0.609 | AE8: 0.4212 | AF8: 0.33274 | AG8: 0.30327 | AH8: 0.27802
A9: 900-2086581001CT-ND | B9: Molex | C9: 2086581001 | D9: CONN RCPT HDMI V2.1 19POS SMD RA | E9: J1,J2,J3 | F9: 3 | H9: 0 | I9: 22,147 | J9: =F9*Settings!$B$5+H9*Settings!$B$6 -> 6 | K9: 0 | L9: Y | M9: 0 | N9: =IF(L9="Y",MAX(0,J9-K9)+M9,0) -> 6 | O9: =LOOKUP(MAX(1,N9),$U9:$AB9,$AC9:$AJ9) -> 18.93 | Q9: =IF(P9<>"",P9,O9)*(1+Settings!$B$7) -> 23.6625 | R9: =N9*Q9 -> 141.975 | S9: =IF(N9=0,"",IFERROR(IF(INDEX($U9:$AB9,MATCH(N9,$U9:$AB9,1)+1)="","top break",INDEX($U9:$AB9,MATCH(N9,$U9:$AB9,1)+1)&" pcs = "&TEXT(INDEX($U9:$AB9,MATCH(N9,$U9:$AB9,1)+1)*INDEX($AC9:$AJ9,MATCH(N9,$U9:$AB9,1)+1)*(1+Settings!$B$7),"0.00")&" kr"),"top break")) -> 10 pcs = 200.84 kr | U9: 1 | V9: 10 | W9: 25 | X9: 50 | Y9: 100 | AC9: 18.93 | AD9: 16.067 | AE9: 15.0596 | AF9: 14.3392 | AG9: 13.6541
A10: 2073-USB4105-GF-ACT-ND | B10: GCT | C10: USB4105-GF-A | D10: CONN RCP USB2.0 TYPE-C 16P SMD RA | E10: J4,J5,J6 | F10: 3 | G10: J1 | H10: 1 | I10: 103,534 | J10: =F10*Settings!$B$5+H10*Settings!$B$6 -> 8 | K10: 7 | L10: Y | M10: 2 | N10: =IF(L10="Y",MAX(0,J10-K10)+M10,0) -> 3 | O10: =LOOKUP(MAX(1,N10),$U10:$AB10,$AC10:$AJ10) -> 5.24 | Q10: =IF(P10<>"",P10,O10)*(1+Settings!$B$7) -> 6.55 | R10: =N10*Q10 -> 19.65 | S10: =IF(N10=0,"",IFERROR(IF(INDEX($U10:$AB10,MATCH(N10,$U10:$AB10,1)+1)="","top break",INDEX($U10:$AB10,MATCH(N10,$U10:$AB10,1)+1)&" pcs = "&TEXT(INDEX($U10:$AB10,MATCH(N10,$U10:$AB10,1)+1)*INDEX($AC10:$AJ10,MATCH(N10,$U10:$AB10,1)+1)*(1+Settings!$B$7),"0.00")&" kr"),"top break")) -> 10 pcs = 55.35 kr | U10: 1 | V10: 10 | W10: 25 | X10: 50 | Y10: 100 | Z10: 250 | AC10: 5.24 | AD10: 4.428 | AE10: 4.15 | AF10: 3.9522 | AG10: 3.763 | AH10: 3.52704
A11: 732-2107-ND | B11: Wurth Elektronik | C11: 61400826021 | D11: CONN RCPT USB2.0 TYPE-A STACKED R/A | E11: J7,J8 | F11: 2 | H11: 0 | I11: 15,423 | J11: =F11*Settings!$B$5+H11*Settings!$B$6 -> 4 | K11: 0 | L11: Y | M11: 0 | N11: =IF(L11="Y",MAX(0,J11-K11)+M11,0) -> 4 | O11: =LOOKUP(MAX(1,N11),$U11:$AB11,$AC11:$AJ11) -> 13.1 | Q11: =IF(P11<>"",P11,O11)*(1+Settings!$B$7) -> 16.375 | R11: =N11*Q11 -> 65.5 | S11: =IF(N11=0,"",IFERROR(IF(INDEX($U11:$AB11,MATCH(N11,$U11:$AB11,1)+1)="","top break",INDEX($U11:$AB11,MATCH(N11,$U11:$AB11,1)+1)&" pcs = "&TEXT(INDEX($U11:$AB11,MATCH(N11,$U11:$AB11,1)+1)*INDEX($AC11:$AJ11,MATCH(N11,$U11:$AB11,1)+1)*(1+Settings!$B$7),"0.00")&" kr"),"top break")) -> 10 pcs = 144.84 kr | U11: 1 | V11: 10 | W11: 50 | X11: 100 | AC11: 13.1 | AD11: 11.587 | AE11: 10.9202 | AF11: 10.3045
A12: 732-5317-ND | B12: Wurth Elektronik | C12: 61300411121 | D12: CONN HEADER VERT 4POS 2.54MM | F12: 0 | G12: J2 | H12: 1 | I12: 132,393 | J12: =F12*Settings!$B$5+H12*Settings!$B$6 -> 2 | K12: 0 | L12: N | M12: 0 | N12: =IF(L12="Y",MAX(0,J12-K12)+M12,0) -> 0 | O12: =LOOKUP(MAX(1,N12),$U12:$AB12,$AC12:$AJ12) -> 1.18 | Q12: =IF(P12<>"",P12,O12)*(1+Settings!$B$7) -> 1.475 | R12: =N12*Q12 -> 0 | S12: =IF(N12=0,"",IFERROR(IF(INDEX($U12:$AB12,MATCH(N12,$U12:$AB12,1)+1)="","top break",INDEX($U12:$AB12,MATCH(N12,$U12:$AB12,1)+1)&" pcs = "&TEXT(INDEX($U12:$AB12,MATCH(N12,$U12:$AB12,1)+1)*INDEX($AC12:$AJ12,MATCH(N12,$U12:$AB12,1)+1)*(1+Settings!$B$7),"0.00")&" kr"),"top break")) | U12: 1 | V12: 10 | W12: 25 | X12: 50 | Y12: 100 | AC12: 1.18 | AD12: 1.015 | AE12: 0.8412 | AF12: 0.7034 | AG12: 0.6858
A13: 296-43875-1-ND | B13: Texas Instruments | C13: TPD4E02B04DQAR | D13: TVS DIODE 3.6VWM 8.8VC 10USON | E13: U1-U9 | F13: 9 | H13: 0 | I13: 1,336 | J13: =F13*Settings!$B$5+H13*Settings!$B$6 -> 18 | K13: 0 | L13: Y | M13: 2 | N13: =IF(L13="Y",MAX(0,J13-K13)+M13,0) -> 20 | O13: =LOOKUP(MAX(1,N13),$U13:$AB13,$AC13:$AJ13) -> 4.546 | Q13: =IF(P13<>"",P13,O13)*(1+Settings!$B$7) -> 5.6825 | R13: =N13*Q13 -> 113.65 | S13: =IF(N13=0,"",IFERROR(IF(INDEX($U13:$AB13,MATCH(N13,$U13:$AB13,1)+1)="","top break",INDEX($U13:$AB13,MATCH(N13,$U13:$AB13,1)+1)&" pcs = "&TEXT(INDEX($U13:$AB13,MATCH(N13,$U13:$AB13,1)+1)*INDEX($AC13:$AJ13,MATCH(N13,$U13:$AB13,1)+1)*(1+Settings!$B$7),"0.00")&" kr"),"top break")) -> 50 pcs = 209.76 kr | U13: 1 | V13: 10 | W13: 50 | X13: 100 | Y13: 500 | AC13: 7.27 | AD13: 4.546 | AE13: 3.3562 | AF13: 2.9704 | AG13: 2.29198
A14: 296-42335-1-ND | B14: Texas Instruments | C14: HD3SS215RTQR | D14: IC DISPLAYPORT 2:1 DIFF SW 56QFN | E14: U10 | F14: 1 | H14: 0 | I14: 2,402 | J14: =F14*Settings!$B$5+H14*Settings!$B$6 -> 2 | K14: 0 | L14: Y | M14: 0 | N14: =IF(L14="Y",MAX(0,J14-K14)+M14,0) -> 2 | O14: =LOOKUP(MAX(1,N14),$U14:$AB14,$AC14:$AJ14) -> 30.72 | Q14: =IF(P14<>"",P14,O14)*(1+Settings!$B$7) -> 38.4 | R14: =N14*Q14 -> 76.8 | S14: =IF(N14=0,"",IFERROR(IF(INDEX($U14:$AB14,MATCH(N14,$U14:$AB14,1)+1)="","top break",INDEX($U14:$AB14,MATCH(N14,$U14:$AB14,1)+1)&" pcs = "&TEXT(INDEX($U14:$AB14,MATCH(N14,$U14:$AB14,1)+1)*INDEX($AC14:$AJ14,MATCH(N14,$U14:$AB14,1)+1)*(1+Settings!$B$7),"0.00")&" kr"),"top break")) -> 10 pcs = 291.80 kr | U14: 1 | V14: 10 | W14: 25 | X14: 100 | Y14: 250 | AC14: 30.72 | AD14: 23.344 | AE14: 21.4944 | AF14: 19.4614 | AG14: 18.49984
A15: 296-50411-1-ND | B15: Texas Instruments | C15: TLV75533PDBVR | D15: IC REG LINEAR 3.3V 500MA SOT23-5 | E15: U11 | F15: 1 | G15: U2 | H15: 1 | I15: in stock | J15: =F15*Settings!$B$5+H15*Settings!$B$6 -> 4 | K15: 0 | L15: Y | M15: 6 | N15: =IF(L15="Y",MAX(0,J15-K15)+M15,0) -> 10 | O15: =LOOKUP(MAX(1,N15),$U15:$AB15,$AC15:$AJ15) -> 1.919 | Q15: =IF(P15<>"",P15,O15)*(1+Settings!$B$7) -> 2.39875 | R15: =N15*Q15 -> 23.9875 | S15: =IF(N15=0,"",IFERROR(IF(INDEX($U15:$AB15,MATCH(N15,$U15:$AB15,1)+1)="","top break",INDEX($U15:$AB15,MATCH(N15,$U15:$AB15,1)+1)&" pcs = "&TEXT(INDEX($U15:$AB15,MATCH(N15,$U15:$AB15,1)+1)*INDEX($AC15:$AJ15,MATCH(N15,$U15:$AB15,1)+1)*(1+Settings!$B$7),"0.00")&" kr"),"top break")) -> 25 pcs = 53.46 kr | U15: 1 | V15: 10 | W15: 25 | X15: 100 | Y15: 250 | Z15: 500 | AA15: 1000 | AC15: 2.75 | AD15: 1.919 | AE15: 1.7108 | AF15: 1.4803 | AG15: 1.37052 | AH15: 1.30436 | AI15: 1.24974
A16: 497-STM32C031G6U6-ND | B16: STMicroelectronics | C16: STM32C031G6U6 | D16: IC MCU 32BIT 32KB FLASH 28UFQFPN | E16: U12 | F16: 1 | H16: 0 | I16: 3,703 | J16: =F16*Settings!$B$5+H16*Settings!$B$6 -> 2 | K16: 0 | L16: Y | M16: 1 | N16: =IF(L16="Y",MAX(0,J16-K16)+M16,0) -> 3 | O16: =LOOKUP(MAX(1,N16),$U16:$AB16,$AC16:$AJ16) -> 9.17 | Q16: =IF(P16<>"",P16,O16)*(1+Settings!$B$7) -> 11.4625 | R16: =N16*Q16 -> 34.3875 | S16: =IF(N16=0,"",IFERROR(IF(INDEX($U16:$AB16,MATCH(N16,$U16:$AB16,1)+1)="","top break",INDEX($U16:$AB16,MATCH(N16,$U16:$AB16,1)+1)&" pcs = "&TEXT(INDEX($U16:$AB16,MATCH(N16,$U16:$AB16,1)+1)*INDEX($AC16:$AJ16,MATCH(N16,$U16:$AB16,1)+1)*(1+Settings!$B$7),"0.00")&" kr"),"top break")) -> 10 pcs = 83.26 kr | U16: 1 | V16: 10 | W16: 50 | X16: 100 | Y16: 490 | Z16: 980 | AC16: 9.17 | AD16: 6.661 | AE16: 5.6434 | AF16: 5.3297 | AG16: 4.80235 | AH16: 4.6366
A17: 497-17666-1-ND | B17: STMicroelectronics | C17: STM32F103C8T6TR | D17: IC MCU 32BIT 64KB FLASH 48LQFP | F17: 0 | G17: U3 | H17: 1 | I17: 14 | J17: =F17*Settings!$B$5+H17*Settings!$B$6 -> 2 | K17: 0 | L17: Y | M17: 0 | N17: =IF(L17="Y",MAX(0,J17-K17)+M17,0) -> 2 | O17: =LOOKUP(MAX(1,N17),$U17:$AB17,$AC17:$AJ17) -> 47.82 | Q17: =IF(P17<>"",P17,O17)*(1+Settings!$B$7) -> 59.775 | R17: =N17*Q17 -> 119.55 | S17: =IF(N17=0,"",IFERROR(IF(INDEX($U17:$AB17,MATCH(N17,$U17:$AB17,1)+1)="","top break",INDEX($U17:$AB17,MATCH(N17,$U17:$AB17,1)+1)&" pcs = "&TEXT(INDEX($U17:$AB17,MATCH(N17,$U17:$AB17,1)+1)*INDEX($AC17:$AJ17,MATCH(N17,$U17:$AB17,1)+1)*(1+Settings!$B$7),"0.00")&" kr"),"top break")) -> 10 pcs = 459.40 kr | U17: 1 | V17: 10 | W17: 50 | X17: 100 | Y17: 500 | AC17: 47.82 | AD17: 36.752 | AE17: 32.3098 | AF17: 30.9337 | AG17: 28.60542
A18: 497-5235-1-ND | B18: STMicroelectronics | C18: USBLC6-2SC6 | D18: TVS DIODE 5V SOT23-6 (USB ESD) | E18: U13,U15,U17-U20 | F18: 6 | G18: U1 | H18: 1 | I18: 132,634 | J18: =F18*Settings!$B$5+H18*Settings!$B$6 -> 14 | K18: 17 | L18: Y | M18: 0 | N18: =IF(L18="Y",MAX(0,J18-K18)+M18,0) -> 0 | O18: =LOOKUP(MAX(1,N18),$U18:$AB18,$AC18:$AJ18) -> 3.54 | Q18: =IF(P18<>"",P18,O18)*(1+Settings!$B$7) -> 4.425 | R18: =N18*Q18 -> 0 | S18: =IF(N18=0,"",IFERROR(IF(INDEX($U18:$AB18,MATCH(N18,$U18:$AB18,1)+1)="","top break",INDEX($U18:$AB18,MATCH(N18,$U18:$AB18,1)+1)&" pcs = "&TEXT(INDEX($U18:$AB18,MATCH(N18,$U18:$AB18,1)+1)*INDEX($AC18:$AJ18,MATCH(N18,$U18:$AB18,1)+1)*(1+Settings!$B$7),"0.00")&" kr"),"top break")) | U18: 1 | V18: 10 | W18: 50 | X18: 100 | Y18: 500 | AC18: 3.54 | AD18: 2.155 | AE18: 1.5616 | AF18: 1.3676 | AG18: 1.02586
A19: 296-25222-1-ND | B19: Texas Instruments | C19: TS3USB221ERSER | D19: IC USB SWITCH DUAL 1X2 10UQFN | E19: U14 | F19: 1 | H19: 0 | I19: 21,915 | J19: =F19*Settings!$B$5+H19*Settings!$B$6 -> 2 | K19: 0 | L19: Y | M19: 2 | N19: =IF(L19="Y",MAX(0,J19-K19)+M19,0) -> 4 | O19: =LOOKUP(MAX(1,N19),$U19:$AB19,$AC19:$AJ19) -> 7.14 | Q19: =IF(P19<>"",P19,O19)*(1+Settings!$B$7) -> 8.925 | R19: =N19*Q19 -> 35.7 | S19: =IF(N19=0,"",IFERROR(IF(INDEX($U19:$AB19,MATCH(N19,$U19:$AB19,1)+1)="","top break",INDEX($U19:$AB19,MATCH(N19,$U19:$AB19,1)+1)&" pcs = "&TEXT(INDEX($U19:$AB19,MATCH(N19,$U19:$AB19,1)+1)*INDEX($AC19:$AJ19,MATCH(N19,$U19:$AB19,1)+1)*(1+Settings!$B$7),"0.00")&" kr"),"top break")) -> 10 pcs = 64.35 kr | U19: 1 | V19: 10 | W19: 25 | X19: 100 | Y19: 250 | Z19: 500 | AA19: 1000 | AC19: 7.14 | AD19: 5.148 | AE19: 4.648 | AF19: 4.099 | AG19: 3.83724 | AH19: 3.67966 | AI19: 3.5877
A20: USB2514BT/M2CT-ND | B20: Microchip | C20: USB2514BT/M2 | D20: IC HUB CTLR 4PORT USB 2.0 HS 36SQFN | E20: U16 | F20: 1 | H20: 0 | I20: 19,915 | J20: =F20*Settings!$B$5+H20*Settings!$B$6 -> 2 | K20: 0 | L20: Y | M20: 0 | N20: =IF(L20="Y",MAX(0,J20-K20)+M20,0) -> 2 | O20: =LOOKUP(MAX(1,N20),$U20:$AB20,$AC20:$AJ20) -> 16.24 | Q20: =IF(P20<>"",P20,O20)*(1+Settings!$B$7) -> 20.3 | R20: =N20*Q20 -> 40.6 | S20: =IF(N20=0,"",IFERROR(IF(INDEX($U20:$AB20,MATCH(N20,$U20:$AB20,1)+1)="","top break",INDEX($U20:$AB20,MATCH(N20,$U20:$AB20,1)+1)&" pcs = "&TEXT(INDEX($U20:$AB20,MATCH(N20,$U20:$AB20,1)+1)*INDEX($AC20:$AJ20,MATCH(N20,$U20:$AB20,1)+1)*(1+Settings!$B$7),"0.00")&" kr"),"top break")) -> 25 pcs = 501.08 kr | U20: 1 | V20: 25 | AC20: 16.24 | AD20: 16.0344
A21: SER3634CT-ND | B21: EPSON | C21: TSX-3225 24.0000MF20G-AC3 | D21: CRYSTAL 24.0000MHZ 9PF SMD | E21: X1 | F21: 1 | H21: 0 | I21: 100,414 | J21: =F21*Settings!$B$5+H21*Settings!$B$6 -> 2 | K21: 0 | L21: Y | M21: 0 | N21: =IF(L21="Y",MAX(0,J21-K21)+M21,0) -> 2 | O21: =LOOKUP(MAX(1,N21),$U21:$AB21,$AC21:$AJ21) -> 5.37 | Q21: =IF(P21<>"",P21,O21)*(1+Settings!$B$7) -> 6.7125 | R21: =N21*Q21 -> 13.425 | S21: =IF(N21=0,"",IFERROR(IF(INDEX($U21:$AB21,MATCH(N21,$U21:$AB21,1)+1)="","top break",INDEX($U21:$AB21,MATCH(N21,$U21:$AB21,1)+1)&" pcs = "&TEXT(INDEX($U21:$AB21,MATCH(N21,$U21:$AB21,1)+1)*INDEX($AC21:$AJ21,MATCH(N21,$U21:$AB21,1)+1)*(1+Settings!$B$7),"0.00")&" kr"),"top break")) -> 10 pcs = 58.46 kr | U21: 1 | V21: 10 | W21: 25 | X21: 50 | Y21: 100 | AC21: 5.37 | AD21: 4.677 | AE21: 4.42 | AF21: 4.2378 | AG21: 4.0623
A22: 50-ECS-80-18-33-JGN-CT-ND | B22: ECS Inc. | C22: ECS-80-18-33-JGN-TR | D22: CRYSTAL 8.0000MHZ 18PF SMD | F22: 0 | G22: X1 | H22: 1 | I22: 35,744 | J22: =F22*Settings!$B$5+H22*Settings!$B$6 -> 2 | K22: 0 | L22: Y | M22: 0 | N22: =IF(L22="Y",MAX(0,J22-K22)+M22,0) -> 2 | O22: =LOOKUP(MAX(1,N22),$U22:$AB22,$AC22:$AJ22) -> 3.86 | Q22: =IF(P22<>"",P22,O22)*(1+Settings!$B$7) -> 4.825 | R22: =N22*Q22 -> 9.65 | S22: =IF(N22=0,"",IFERROR(IF(INDEX($U22:$AB22,MATCH(N22,$U22:$AB22,1)+1)="","top break",INDEX($U22:$AB22,MATCH(N22,$U22:$AB22,1)+1)&" pcs = "&TEXT(INDEX($U22:$AB22,MATCH(N22,$U22:$AB22,1)+1)*INDEX($AC22:$AJ22,MATCH(N22,$U22:$AB22,1)+1)*(1+Settings!$B$7),"0.00")&" kr"),"top break")) -> 10 pcs = 41.84 kr | U22: 1 | V22: 10 | W22: 25 | X22: 50 | Y22: 100 | Z22: 250 | AA22: 500 | AC22: 3.86 | AD22: 3.347 | AE22: 3.1676 | AF22: 3.0378 | AG22: 2.9115 | AH22: 2.75364 | AI22: 2.63952
A23: 311-47.0KLRCT-ND | B23: YAGEO | C23: RC0402FR-0747KL | D23: RES 47K OHM 1% 1/16W 0402 | E23: R3,R4 | F23: 2 | H23: 0 | I23: 1,680,645 | J23: =F23*Settings!$B$5+H23*Settings!$B$6 -> 4 | K23: 0 | L23: N | M23: 0 | N23: =IF(L23="Y",MAX(0,J23-K23)+M23,0) -> 0 | O23: =LOOKUP(MAX(1,N23),$U23:$AB23,$AC23:$AJ23) -> 0.66 | Q23: =IF(P23<>"",P23,O23)*(1+Settings!$B$7) -> 0.825 | R23: =N23*Q23 -> 0 | S23: =IF(N23=0,"",IFERROR(IF(INDEX($U23:$AB23,MATCH(N23,$U23:$AB23,1)+1)="","top break",INDEX($U23:$AB23,MATCH(N23,$U23:$AB23,1)+1)&" pcs = "&TEXT(INDEX($U23:$AB23,MATCH(N23,$U23:$AB23,1)+1)*INDEX($AC23:$AJ23,MATCH(N23,$U23:$AB23,1)+1)*(1+Settings!$B$7),"0.00")&" kr"),"top break")) | U23: 1 | V23: 10 | W23: 25 | X23: 50 | Y23: 100 | Z23: 250 | AA23: 500 | AB23: 1000 | AC23: 0.66 | AD23: 0.138 | AE23: 0.0996 | AF23: 0.0786 | AG23: 0.0635 | AH23: 0.04848 | AI23: 0.04008 | AJ23: 0.03354
Q25: Parts total incl. VAT | R25: =SUM(R4:R23) -> 696.6

Sheet AX Parts
A1: AX parts - not ordered, pull from stock
A3: AX # | B3: Value | C3: Package | D3: KVM refs | E3: KVM qty/board | F3: ST-LINK refs | G3: ST-LINK qty/board | H3: Total needed | I3: On hand | J3: Short
A4: 27730 | B4: 1u | C4: C 0402 | D4: C1-C18,C21-C24,C28-C31 | E4: 26 | F4: C4,C6-C10 | G4: 6 | H4: =E4*Settings!$B$5+G4*Settings!$B$6 -> 64 | J4: =IF(I4="","",MAX(0,H4-I4))
A5: 27705 | B5: 10p | C5: C 0402 | D5: C19,C20 | E5: 2 | G5: 0 | H5: =E5*Settings!$B$5+G5*Settings!$B$6 -> 4 | J5: =IF(I5="","",MAX(0,H5-I5))
A6: 27726 | B6: 100n | C6: C 0402 | D6: C26,C27 | E6: 2 | G6: 0 | H6: =E6*Settings!$B$5+G6*Settings!$B$6 -> 4 | J6: =IF(I6="","",MAX(0,H6-I6))
A7: 27204 | B7: 10u | C7: C 0603 | E7: 0 | F7: C3,C5 | G7: 2 | H7: =E7*Settings!$B$5+G7*Settings!$B$6 -> 4 | J7: =IF(I7="","",MAX(0,H7-I7))
A8: 201002 | B8: 10k | C8: R 0402 | D8: R1,R2,R6-R8,R13-R16,R19-R21,R24,R25 | E8: 14 | F8: R1,R2,R5-R9 | G8: 7 | H8: =E8*Settings!$B$5+G8*Settings!$B$6 -> 42 | J8: =IF(I8="","",MAX(0,H8-I8))
A9: 201003 | B9: 100k | C9: R 0402 | D9: R5,R9,R27-R30 | E9: 6 | G9: 0 | H9: =E9*Settings!$B$5+G9*Settings!$B$6 -> 12 | J9: =IF(I9="","",MAX(0,H9-I9))
A10: 204700 | B10: 470 | C10: R 0402 | D10: R11 | E10: 1 | F10: R10,R13 | G10: 2 | H10: =E10*Settings!$B$5+G10*Settings!$B$6 -> 6 | J10: =IF(I10="","",MAX(0,H10-I10))
A11: 202209 | B11: 22 | C11: R 0402 | E11: 0 | F11: R11,R12,R15-R17 | G11: 5 | H11: =E11*Settings!$B$5+G11*Settings!$B$6 -> 10 | J11: =IF(I11="","",MAX(0,H11-I11))
A12: 201000 | B12: 100 | C12: R 0402 | E12: 0 | F12: R14 | G12: 1 | H12: =E12*Settings!$B$5+G12*Settings!$B$6 -> 2 | J12: =IF(I12="","",MAX(0,H12-I12))
A13: 201001 | B13: 1k | C13: R 0402 | E13: 0 | F13: R18 | G13: 1 | H13: =E13*Settings!$B$5+G13*Settings!$B$6 -> 2 | J13: =IF(I13="","",MAX(0,H13-I13))
A14: 141202 | B14: 12k | C14: R 0603 | D14: R26 | E14: 1 | G14: 0 | H14: =E14*Settings!$B$5+G14*Settings!$B$6 -> 2 | J14: =IF(I14="","",MAX(0,H14-I14))
A16: Total needed uses the board counts on the Settings sheet.

Sheet Owned parts
A1: Already owned - not ordered
A3: Part # | B3: Value | C3: Package | D3: KVM refs | E3: KVM qty/board | F3: ST-LINK refs | G3: ST-LINK qty/board | H3: Total needed | I3: On hand | J3: Short
A4: LCSC C5149201 | B4: SK6812MINI-E | C4: 3.2x2.8 reverse-mount | D4: D2-D6 | E4: 5 | G4: 0 | H4: =E4*Settings!$B$5+G4*Settings!$B$6 -> 10 | J4: =IF(I4="","",MAX(0,H4-I4))
A5: LCSC C780491 | B5: SPST-NO | C5: UK-B0206-G5-250-JZ | D5: SW1 | E5: 1 | G5: 0 | H5: =E5*Settings!$B$5+G5*Settings!$B$6 -> 2 | J5: =IF(I5="","",MAX(0,H5-I5))
A6: RMCF0603FT5K10 | B6: 5.1k | C6: R 0603 | D6: R10,R12,R17,R18,R22,R23 | E6: 6 | F6: R3,R4 | G6: 2 | H6: =E6*Settings!$B$5+G6*Settings!$B$6 -> 16 | J6: =IF(I6="","",MAX(0,H6-I6))
A7: GRM31CR61A107MEA8L | B7: 100u 10V | C7: C 1206 | D7: C25 | E7: 1 | G7: 0 | H7: =E7*Settings!$B$5+G7*Settings!$B$6 -> 2 | J7: =IF(I7="","",MAX(0,H7-I7))
A8: LG Q976.01 (green) | B8: GLED | C8: LED 0603 | D8: D1 | E8: 1 | F8: D1 | G8: 1 | H8: =E8*Settings!$B$5+G8*Settings!$B$6 -> 4 | J8: =IF(I8="","",MAX(0,H8-I8))
A9: LO Q976.01 (orange) | B9: OLED | C9: LED 0603 | E9: 0 | F9: D2 | G9: 1 | H9: =E9*Settings!$B$5+G9*Settings!$B$6 -> 2 | J9: =IF(I9="","",MAX(0,H9-I9))
A10: 61300411121 | B10: Pin header 1x4 | C10: 2.54mm | E10: 0 | F10: J2 | G10: 1 | H10: =E10*Settings!$B$5+G10*Settings!$B$6 -> 2 | J10: =IF(I10="","",MAX(0,H10-I10))
A11: USB4105-GF-A (own 7) | B11: USB-C 16P | C11: SMD RA | D11: J4-J6 | E11: 3 | F11: J1 | G11: 1 | H11: =E11*Settings!$B$5+G11*Settings!$B$6 -> 8 | I11: 7 | J11: =IF(I11="","",MAX(0,H11-I11)) -> 1
A12: USBLC6-2SC6 (own 17) | B12: USB ESD | C12: SOT-23-6 | D12: U13,U15,U17-U20 | E12: 6 | F12: U1 | G12: 1 | H12: =E12*Settings!$B$5+G12*Settings!$B$6 -> 14 | I12: 17 | J12: =IF(I12="","",MAX(0,H12-I12)) -> 0
A14: Total needed uses the board counts on the Settings sheet.
A15: Partly owned lines (USB-C, USBLC6): the DigiKey Order sheet orders only Needed minus Owned.
